Date,Open,High,Low,Close,Volume,Adj Close
3/29/2012,612.780006,616.560013,607.230026,609.859993,152059600,79.013187
3/30/2012,608.769981,610.559982,597.939987,599.550011,182759500,77.67743
4/2/2012,601.830009,618.769997,600.37999,618.63002,149587900,80.149428
4/3/2012,627.300018,632.209984,622.510002,629.319984,208639900,81.534415
4/4/2012,624.349991,625.859985,617.000023,624.30999,143245200,80.885322
4/5/2012,626.980011,634.660027,623.400009,633.679977,160324500,82.099293
4/9/2012,626.130005,639.840012,625.300026,636.229996,149384200,82.429673
4/10/2012,639.93,644,626.000015,628.440018,222431300,81.420407
4/11/2012,636.199982,636.87001,623.339981,626.20002,174153700,81.130193
4/12/2012,624.999992,631.330017,620.500023,622.769981,153584200,80.685799
4/13/2012,624.109985,624.700012,603.509995,605.22998,214911200,78.413325
4/16/2012,610.059998,610.279976,578.249977,580.13002,262696700,75.161385
4/17/2012,578.93998,610.000023,571.910019,609.699989,256382000,78.992457
4/18/2012,613.720001,620.249977,602.709976,608.340012,238632800,78.816259
4/19/2012,600.219986,604.729996,584.519974,587.439987,208679800,76.108461
4/20/2012,591.379997,594.620018,570.419998,572.980003,257746300,74.235032
4/23/2012,570.610016,576.670021,556.620003,571.699974,241632300,74.069192
4/24/2012,562.609993,567.690002,554.999992,560.280006,269037300,72.589626
4/25/2012,615.639992,617.999992,605.999985,610.000023,226444400,79.031329
4/26/2012,614.269974,614.69001,602.12999,607.699997,134017100,78.733339
4/27/2012,605.069977,606.180016,600.499992,603.000023,101680600,78.124412
4/30/2012,597.800011,598.400024,582.999992,583.979988,126536200,75.660185
5/1/2012,584.900009,596.759987,581.230019,582.130013,152749800,75.420503
5/2/2012,580.239983,587.399986,578.859978,585.97998,106847300,75.919303
5/3/2012,590.499977,591.400024,580.300011,581.819992,97637400,75.380337
5/4/2012,577.080017,578.359993,565.169998,565.25,132498100,73.233536
5/7/2012,561.500008,572.770012,561.229988,569.480003,115029600,73.781574
5/8/2012,569.579979,571.500023,558.730011,568.18,124313000,73.613146
5/9/2012,563.700005,573.980026,560.850006,569.180023,120176000,73.742708
5/10/2012,574.579987,575.87999,568.43998,570.519974,83300000,73.916312
5/11/2012,565.000008,574.470024,564.350006,566.710007,99886500,73.422694
5/14/2012,562.569992,567.510025,557.599998,558.219986,88156600,72.322731
5/15/2012,561.45002,563.219994,551.749985,553.169991,119084000,71.668456
5/16/2012,554.050011,556.890022,541.039993,546.080002,140224000,70.74988
5/17/2012,545.309998,547.500008,530.12001,530.12001,179305000,68.682111
5/18/2012,533.959991,543.409981,522.180016,530.37999,183073100,68.715793
5/21/2012,534.499977,561.540009,534.04998,561.279976,157776500,72.719182
5/22/2012,569.550018,573.879997,552.580017,556.970024,173717600,72.160786
5/23/2012,557.500023,572.800026,553.230019,570.559975,146224400,73.921494
5/24/2012,575.870003,576.499977,561.229988,565.320015,124057500,73.242607
5/25/2012,564.590012,565.850014,558.469978,562.289986,82126800,72.850038
5/29/2012,570.900009,574,565.309975,572.269974,95127200,74.143041
5/30/2012,569.199997,579.98999,566.55999,579.169998,132357400,75.037005
5/31/2012,580.740021,581.499985,571.460022,577.730019,122918600,74.850442
6/1/2012,569.159996,572.650009,560.520012,560.989983,130246900,72.68161
6/4/2012,561.500008,567.499985,548.499977,564.289978,139248900,73.109156
6/5/2012,561.269989,566.470001,558.330002,562.830025,97053600,72.920005
6/6/2012,567.770004,573.849983,565.499992,571.460022,100363900,74.038104
6/7/2012,577.290009,577.320023,570.5,571.720001,94941700,74.071787
6/8/2012,571.599998,580.580017,568.999992,580.319984,86879100,75.185997
6/11/2012,587.719994,588.499985,570.62999,571.169975,147816200,74.000526
6/12/2012,574.459984,576.61998,566.70002,576.159996,108845100,74.64703
6/13/2012,574.520012,578.479996,570.379997,572.160011,73395000,74.128794
6/14/2012,571.23999,573.500015,567.259979,571.529984,86393300,74.047168
6/15/2012,570.999985,574.619987,569.550018,574.12999,83813800,74.384024
6/18/2012,570.959984,587.889984,570.37001,585.779976,110103000,75.893391
6/19/2012,583.400002,589.999992,583.100021,587.410027,90351100,76.104579
6/20/2012,588.209991,589.250015,580.799995,585.739975,89735800,75.888208
6/21/2012,585.439995,588.219978,577.440025,577.669991,81587800,74.842665
6/22/2012,579.040009,582.189987,575.420006,582.099998,71117900,75.416614
6/25/2012,577.299995,579.800026,570.37001,570.77002,76095600,73.948707
6/26/2012,571.329979,574.489998,567.329994,572.030022,69134100,74.111953
6/27/2012,575.000023,576.739983,571.920006,574.499985,50749300,74.43196
6/28/2012,571.670013,574,565.610008,569.04998,70709100,73.72586
6/29/2012,577.999985,584.000015,574.249992,584.000015,105375200,75.66278
7/2/2012,584.730019,593.469978,583.600006,592.519997,100023000,76.766625
7/3/2012,594.879997,600.000008,593.999977,599.409981,60428200,77.659288
7/5/2012,600.56002,614.339989,599.649986,609.939995,121095800,79.023552
7/6/2012,607.089996,608.439987,601.580017,605.879982,104732600,78.497538
7/9/2012,605.299995,613.899979,604.110008,613.889992,94851400,79.535312
7/10/2012,617.969978,619.869995,605.309982,608.210022,127989400,78.799417
7/11/2012,606.119987,607.659996,597.220024,604.430016,117330500,78.309681
7/12/2012,600.240013,603.469994,592.68,598.900009,107010400,77.593216
7/13/2012,602.949982,607.190025,600.000008,604.970001,77856800,78.379642
7/16/2012,605.120018,611.61998,605.019989,606.910019,75315100,78.63099
7/17/2012,610.790001,611.499977,603.149986,606.93998,73406200,78.634871
7/18/2012,606.590012,608.340012,603.559982,606.260017,63175000,78.546776
7/19/2012,611.279999,615.349998,605.999985,614.320015,109215400,79.591025
7/20/2012,613.029999,614.440018,603.700012,604.300026,99367800,78.29284
7/23/2012,594.399986,605.900009,587.710007,603.830002,121993900,78.231944
7/24/2012,607.37999,609.680016,598.509987,600.919975,141283100,77.854922
7/25/2012,574.459984,580.799995,570.000015,574.970009,219328200,74.492856
7/26/2012,579.760025,580.399986,570.360023,574.88002,101658200,74.481197
7/27/2012,575.01001,585.830017,571.590012,585.159988,100984100,75.813065
7/30/2012,590.920013,599.439995,587.820023,595.030014,94785600,77.091821
7/31/2012,603.229988,611.699982,602.720016,610.759987,115581900,79.12979
8/1/2012,615.910011,616.400009,603.000023,606.80999,96125400,78.61803
8/2/2012,602.840019,610.690025,600.25,607.789986,83039600,78.744998
8/3/2012,613.630013,617.980019,611.560005,615.70002,86230200,79.769818
8/6/2012,617.290016,624.870003,615.26001,622.550003,75525800,80.657299
8/7/2012,622.769981,624.999992,618.039993,620.910019,72611700,80.444823
8/8/2012,619.389984,623.88002,617.099998,619.860008,61176500,80.308784
8/9/2012,617.849976,621.730011,617.799988,620.729988,55410600,80.766789
8/10/2012,618.710022,621.760025,618.699982,621.699997,48734700,80.893002
8/13/2012,623.390022,630,623.249992,630,69708100,81.972964
8/14/2012,631.870003,638.610023,630.209991,631.690025,85042300,82.192863
8/15/2012,631.300003,633.999985,627.750015,630.829979,64335600,82.080957
8/16/2012,631.210014,636.759995,630.499985,636.340012,63633500,82.7979
8/17/2012,640.000015,648.190002,638.809975,648.110001,110690300,84.329361
8/20/2012,650.010017,665.150017,649.900002,665.150017,153346200,86.546537
8/21/2012,670.82,674.880013,650.330025,656.059982,203179900,85.36378
8/22/2012,654.419998,668.999985,648.110001,668.869995,141330700,87.030565
8/23/2012,666.109985,669.899979,661.149979,662.630013,105032200,86.218645
8/24/2012,659.509995,669.479996,655.550011,663.219986,109335100,86.295409
8/27/2012,679.989983,680.870003,673.540009,675.679977,106752100,87.916651
8/28/2012,674.979988,676.100014,670.669983,674.800011,66854200,87.802154
8/29/2012,675.250008,677.669983,672.600014,673.469994,50701700,87.629097
8/30/2012,670.640022,671.550003,662.849991,663.869987,75674900,86.379985
8/31/2012,667.249985,668.599976,657.250023,665.240005,84580300,86.558246
9/4/2012,665.760017,675.139992,664.500015,674.970001,91973000,87.824272
9/5/2012,675.570015,676.350006,669.599998,670.230026,84093800,87.207526
9/6/2012,673.170013,678.290024,670.800026,676.270004,97799100,87.993423
9/7/2012,678.050018,682.480026,675.77002,680.43998,82416600,88.536003
9/10/2012,680.45002,683.289978,662.100014,662.739975,121999500,86.232952
9/11/2012,665.110016,670.099983,656.499992,660.590019,125995800,85.953209
9/12/2012,666.849976,669.899979,656.000008,669.790016,178058300,87.150274
9/13/2012,677.370003,685.500015,674.769997,682.980011,149590000,88.866501
9/14/2012,689.959984,696.980011,687.889977,691.280014,150118500,89.946463
9/17/2012,699.349998,699.799995,694.610023,699.780022,99507800,91.052448
9/18/2012,699.879997,702.329987,696.419998,701.910004,93375800,91.329593
9/19/2012,700.259979,703.989998,699.569977,702.100021,81718700,91.354317
9/20/2012,699.159981,700.059975,693.619987,698.699997,84142100,90.91192
9/21/2012,702.409988,705.070023,699.359985,700.089989,142897300,91.09278
9/24/2012,686.859993,695.119995,682.999985,690.790016,159941600,89.882706
9/25/2012,688.260025,692.780022,673.000023,673.540009,129697400,87.638208
9/26/2012,668.740005,672.690002,661.20002,665.179977,144125800,86.550435
9/27/2012,664.290024,682.170006,660.350014,681.32,148522500,88.650507
9/28/2012,678.750008,681.110008,666.75,667.100021,133777700,86.800263
10/1/2012,671.159981,676.750015,656.499992,659.389992,135898700,85.797067
10/2/2012,661.81002,666.349991,650.649979,661.309982,156998100,86.046888
10/3/2012,664.860023,671.860023,662.630013,671.449974,106070300,87.366261
10/4/2012,671.250023,674.249985,665.550026,666.799988,92681400,86.761224
10/5/2012,665.200005,666.000023,651.280006,652.589996,148501500,84.91228
10/8/2012,646.880013,647.559975,636.109993,638.170013,159498500,83.036012
10/9/2012,638.650024,640.490013,623.550026,635.850014,209649300,82.734143
10/10/2012,639.739983,644.979996,637,640.909996,127589000,83.392527
10/11/2012,646.499977,647.20002,628.099983,628.099983,136520300,81.725742
10/12/2012,629.55999,635.37999,625.300026,629.710007,115003700,81.935231
10/15/2012,632.350014,635.129997,623.850006,634.760002,108125500,82.592315
10/16/2012,635.370003,650.300011,631.000023,649.789986,137442900,84.547954
10/17/2012,648.870018,652.790001,644,644.610001,97259400,83.873956
10/18/2012,639.590019,642.059982,630,632.640007,119156100,82.31647
10/19/2012,631.050011,631.769974,609.619987,609.840019,186021500,79.349831
10/22/2012,612.419998,635.37999,610.759987,634.029999,136682700,82.49733
10/23/2012,631.000023,633.900009,611.699982,613.359993,176786400,79.807836
10/24/2012,621.440018,626.549988,610.639984,616.829979,139631800,80.259336
10/25/2012,619.999985,621.999977,605.549988,609.539986,164081400,79.310792
10/26/2012,609.430023,614.000008,591.000015,603.999992,254608200,78.589952
10/31/2012,594.879997,601.959999,587.70002,595.320007,127500800,77.460548
11/1/2012,598.219994,603.000023,594.170021,596.540009,90324500,77.61929
11/2/2012,595.890007,596.950005,574.749977,576.800011,149843400,75.050804
11/5/2012,583.520004,587.769981,577.599976,584.620003,132283900,76.068308
11/6/2012,590.230011,590.739983,580.090019,582.849976,93729300,75.838
11/7/2012,573.839996,574.539986,555.750023,558.000008,198412200,72.936236
11/8/2012,560.629974,562.230011,535.290009,537.749985,264036500,70.289354
11/9/2012,540.420006,554.87999,533.719986,547.059998,232478400,71.506267
11/12/2012,554.149986,554.500008,538.649979,542.829994,128950500,70.953363
11/13/2012,538.910011,550.479996,536.359993,542.900009,133237300,70.962514
11/14/2012,545.500015,547.45002,536.180016,536.880005,119292600,70.175639
11/15/2012,537.530006,539.499985,522.620026,525.619987,197477700,68.703841
11/16/2012,525.200005,530.000008,505.75,527.680008,316723400,68.973106
11/19/2012,540.709999,567.499985,539.88002,565.730011,205829400,73.946626
11/20/2012,571.910019,571.95002,554.580009,560.909981,160688500,73.316599
11/21/2012,564.249977,567.369995,556.599976,561.700012,93250500,73.419864
11/23/2012,567.169991,572.000008,562.600006,571.500023,68206600,74.700825
11/26/2012,575.900017,589.999992,573.710007,589.530022,157644900,77.057528
11/27/2012,589.549995,590.419975,580.100006,584.780006,133332500,76.436653
11/28/2012,577.269981,585.800003,572.259987,582.940018,130216100,76.196148
11/29/2012,590.220024,594.250023,585.249977,589.359978,128674700,77.035301
11/30/2012,586.789986,588.400009,582.679985,585.279991,97829900,76.502006
12/3/2012,593.650009,594.590004,585.500023,586.190025,91070000,76.620956
12/4/2012,581.800018,581.800018,572.129997,575.849976,139267100,75.269408
12/5/2012,568.910004,569.249985,538.769981,538.790009,261159500,70.425296
12/6/2012,528.94001,553.31002,518.629974,547.239975,294303100,71.529792
12/7/2012,553.400009,555.199997,530.000008,533.250015,196760200,69.701163
12/10/2012,525,538.510002,521.580002,529.819977,157621100,69.252822
12/11/2012,539.770004,549.559975,537.370003,541.390015,148086400,70.765143
12/12/2012,547.769974,547.999992,536.270004,539,121786000,70.452744
12/13/2012,531.149994,537.640022,525.800018,529.689987,156314900,69.235831
12/14/2012,514.749992,518.12999,505.580009,509.789986,252394800,66.6347
12/17/2012,508.929993,519.999992,501.230003,518.829979,189401800,67.816318
12/18/2012,525,534.899986,520.249985,533.900017,156421300,69.786124
12/19/2012,531.470001,533.700012,525.499985,526.30999,112342300,68.794031
12/20/2012,530.000008,530.200012,518.88002,521.730019,120422400,68.195383
12/21/2012,512.469994,519.669998,510.239983,519.330017,149067100,67.881678
12/24/2012,520.350014,524.250023,518.709976,520.169983,43938300,67.99147
12/26/2012,519.000023,519.460007,511.120003,512.999992,75609100,67.05428
12/27/2012,513.539978,516.25,504.659988,515.060013,113780100,67.323545
12/28/2012,510.290024,514.480026,508.119987,509.589981,88569600,66.608557
12/31/2012,510.529976,535.400024,509.000008,532.169991,164873100,69.559992
1/2/2013,553.819992,554.999992,541.63002,549.029976,140129500,71.763763
1/3/2013,547.87999,549.669991,540.999992,542.099991,88241300,70.857944
1/4/2013,536.969994,538.630005,525.829979,526.999992,148583400,68.884221
1/7/2013,521.999985,529.300018,515.199989,523.900002,121039100,68.479021
1/8/2013,529.209976,531.889984,521.250008,525.31002,114676800,68.663325
1/9/2013,522.500023,525.009987,515.990021,517.100006,101901100,67.590193
1/10/2013,528.549988,528.719978,515.519997,523.509979,150286500,68.428041
1/11/2013,521.000015,525.320007,519.019997,520.300026,87626700,68.008468
1/14/2013,502.680023,507.5,498.509995,501.750015,183551900,65.583794
1/15/2013,498.300003,498.990005,483.379982,485.920013,219193100,63.514653
1/16/2013,494.639999,509.440018,492.499977,506.089981,172701200,66.151072
1/17/2013,510.309998,510.750008,502.030022,502.680023,113419600,65.705356
1/18/2013,498.519981,502.219986,496.399986,500.000015,118230700,65.355052
1/22/2013,504.560013,507.879982,496.630005,504.770004,115386600,65.978537
1/23/2013,508.80999,514.989998,504.770004,514.010002,215377400,67.186298
1/24/2013,460.000008,465.730019,450.249985,450.499977,365213100,58.884897
1/25/2013,451.690018,456.229988,434.999996,439.880001,302006600,57.496759
1/28/2013,437.829994,453.209999,435.859989,449.830002,196379400,58.797324
1/29/2013,458.5,460.200012,452.119987,458.269981,142789500,59.900515
1/30/2013,456.999992,462.600014,454.500015,456.830002,104288800,59.712295
1/31/2013,456.980019,459.279991,454.980026,455.489998,79833600,59.537143
2/1/2013,459.110001,459.479996,448.350021,453.619995,134871100,59.292715
2/4/2013,453.909988,455.939995,441.999996,442.320004,119279300,57.815692
2/5/2013,444.050003,459.739975,442.220001,457.840012,143336900,59.844313
2/6/2013,456.469994,466.500023,452.580025,457.350014,148426600,59.780266
2/7/2013,463.250015,470.000023,454.11998,468.220009,176145200,61.557765
2/8/2013,474.000008,478.809998,468.250023,474.980003,158289600,62.446514
2/11/2013,476.499985,484.940018,473.249977,479.930023,129372600,63.097303
2/12/2013,479.509987,482.380013,467.739998,467.900002,152263300,61.515693
2/13/2013,467.209999,473.639999,463.220001,467.009995,118801900,61.398682
2/14/2013,464.520004,471.640007,464.02002,466.590012,88818800,61.343466
2/15/2013,468.849983,470.160027,459.920006,460.160011,97936300,60.498102
2/19/2013,461.100006,462.730003,453.850014,459.990021,108945900,60.475753
2/20/2013,457.689995,457.689995,448.800018,448.850006,119075600,59.011155
2/21/2013,446.000008,449.170013,442.819988,446.060009,111795600,58.644348
2/22/2013,449.250015,451.599976,446.599995,450.809998,82663700,59.268838
2/25/2013,453.850014,455.120003,442.569996,442.799988,93144800,58.215747
2/26/2013,443.820011,451.540001,437.660004,448.970009,125374900,59.026932
2/27/2013,448.430023,452.439995,440.650005,444.569988,146837600,58.448453
2/28/2013,444.050003,447.87001,441.400009,441.400009,80628800,58.031689
3/1/2013,438.000011,438.179989,429.979988,430.470013,138112100,56.594702
3/4/2013,427.799992,428.200001,419.000004,420.049988,145688900,55.224762
3/5/2013,421.480007,435.189987,420.750004,431.139988,159608400,56.682785
3/6/2013,434.509998,435.249989,424.430008,425.659996,115062500,55.96232
3/7/2013,424.499996,432.009995,421.059998,430.580002,117118400,56.609163
3/8/2013,429.800011,435.429993,428.609997,431.720001,97870500,56.759041
3/11/2013,429.749996,439.009995,425.140011,437.869995,118559000,57.567592
3/12/2013,435.60001,438.880005,427.57,428.429993,116477900,56.326497
3/13/2013,428.449993,434.500011,425.359989,428.349991,101387300,56.315979
3/14/2013,432.830013,434.639988,430.450012,432.499992,75968900,56.861587
3/15/2013,437.929996,444.230007,437.250008,443.660007,160990200,58.328816
3/18/2013,441.449997,457.459976,441.200005,455.720016,151549300,59.914368
3/19/2013,459.500023,460.970016,448.499985,454.489975,131693800,59.752652
3/20/2013,457.419975,457.63002,449.589996,452.079987,77165200,59.435806
3/21/2013,450.220024,457.979988,450.100021,452.729988,95813900,59.521263
3/22/2013,454.580017,462.099976,453.110023,461.910011,98776300,60.728178
3/25/2013,464.689995,469.949982,461.780022,463.580009,125283900,60.947736
3/26/2013,465.440025,465.839981,460.530006,461.140007,73573500,60.626944
3/27/2013,456.460007,456.799988,450.729996,452.079987,82809300,59.435806
3/28/2013,449.820015,451.820007,441.619987,442.660011,110709900,58.197344
4/1/2013,441.899994,443.700008,427.73999,428.910004,97433000,56.389605
4/2/2013,427.599987,438.139988,426.400013,429.789997,132379800,56.505299
4/3/2013,431.370007,437.279995,430.310009,431.989994,90804000,56.794537
4/4/2013,433.759995,434.999996,425.25,427.71999,89611900,56.233152
4/5/2013,424.499996,424.949993,419.679993,423.199993,95923800,55.638899
4/8/2013,424.849991,427.500011,422.48999,426.209995,75207300,56.03463
4/9/2013,426.360012,428.500008,422.749996,426.98,76653500,56.135864
4/10/2013,428.099998,437.05999,426.009991,435.689999,93982000,57.280984
4/11/2013,433.719994,437.989998,431.199989,434.329994,82091100,57.102181
4/12/2013,434.14999,434.14999,429.090008,429.800011,59653300,56.506616
4/15/2013,427,427.890007,419.550003,419.85001,79380000,55.19847
4/16/2013,421.569996,426.610004,420.57,426.240009,76442800,56.038576
4/17/2013,420.269993,420.599987,398.109993,402.800007,236264000,52.956875
4/18/2013,404.98999,405.790009,389.740002,392.049988,166574800,51.543549
4/19/2013,387.970001,399.599987,385.100002,390.530006,152318600,51.343714
4/22/2013,392.639988,402.199993,391.269997,398.670006,107480100,52.413895
4/23/2013,403.989994,408.380001,398.810009,406.12999,166059600,53.394674
4/24/2013,393.540009,415.250011,392.500011,405.459988,242412800,53.306587
4/25/2013,411.23,413.939995,406.999996,408.380001,96209400,53.690487
4/26/2013,409.809994,418.770012,408.250011,417.199989,191024400,54.850067
4/29/2013,420.449997,433.619991,420,430.119991,160081600,56.548684
4/30/2013,435.099998,445.250004,432.069996,442.779987,172884600,58.213118
5/1/2013,444.459999,444.929996,434.389996,439.290001,126727300,57.754283
5/2/2013,441.779991,448.589973,440.630005,445.519997,105457100,58.573352
5/3/2013,451.309982,453.230026,449.149986,449.980019,90325200,59.159719
5/6/2013,455.709976,462.200005,454.309998,460.709984,124160400,60.570408
5/7/2013,464.970001,465.749992,453.699997,458.660004,120938300,60.300893
5/8/2013,459.039986,465.37001,455.810005,463.839989,118149500,60.981916
5/9/2013,459.80999,463.000023,455.579987,456.769974,99621900,60.449894
5/10/2013,457.970001,459.710014,450.480003,452.969994,83713000,59.946996
5/13/2013,451.509987,457.899986,451.5,454.740021,79237200,60.181245
5/14/2013,453.850014,455.200005,442.150013,443.860012,111779500,58.741362
5/15/2013,439.160011,441,422.360001,428.850002,185403400,56.754906
5/16/2013,423.239994,437.849995,418.900002,434.580013,150801000,57.513228
5/17/2013,439.049995,440.089993,431.009998,433.26001,106976100,57.338536
5/20/2013,431.909992,445.800003,430.099991,442.930004,112894600,58.618283
5/21/2013,438.150002,445.479996,434.200005,439.659996,114005500,58.185523
5/22/2013,444.050003,448.350021,438.21999,441.349995,110759600,58.409181
5/23/2013,435.950005,446.160011,435.790001,442.139999,88255300,58.513732
5/24/2013,440.85001,445.66,440.360012,445.150002,69041700,58.912082
5/28/2013,449.900017,451.109978,440.85001,441.44001,96536300,58.421094
5/29/2013,440.000004,447.499989,439.39999,444.949997,82644100,58.885613
5/30/2013,445.650013,454.500015,444.509987,451.580002,88379900,59.763042
5/31/2013,452.500023,457.100021,449.500008,449.730026,96075700,59.518212
6/3/2013,450.729996,452.359993,442.480007,450.720009,93088100,59.649229
6/4/2013,453.219986,454.43,447.389999,449.30999,73182200,59.462624
6/5/2013,445.650013,450.720009,443.709995,445.110001,72647400,58.906788
6/6/2013,445.470009,447.000004,434.049988,438.459995,104233500,58.026713
6/7/2013,436.500004,443.239998,432.770012,441.810005,101133900,58.47006
6/10/2013,444.729992,449.080025,436.800011,438.889992,112538300,58.08362
6/11/2013,435.740013,442.759987,433.320011,437.600002,71528100,57.9129
6/12/2013,439.499992,441.249992,431.499996,432.189999,66306800,57.196928
6/13/2013,432.499992,437.139992,428.75,435.959991,71458100,57.695857
6/14/2013,435.400005,436.290012,428.500008,430.050003,67966500,56.913717
6/17/2013,431.439995,435.700012,430.359997,432.000008,64853600,57.171785
6/18/2013,431.559998,434.899994,430.210007,431.769989,48756400,57.141343
6/19/2013,431.399994,431.66,422.999989,422.999989,77735000,55.980703
6/20/2013,419.300011,425.980003,415.17001,416.840008,89327700,55.165479
6/21/2013,418.490005,420,408.099995,413.500011,120279600,54.723456
6/24/2013,407.400005,408.660007,398.049992,402.540001,120186500,53.272986
6/25/2013,405.699993,407.790001,398.830009,402.62999,78540700,53.284895
6/26/2013,403.900005,404.790012,395.660004,398.069992,91931000,52.681415
6/27/2013,399.249992,401.389988,393.540009,393.779987,84311500,52.113667
6/28/2013,391.360012,400.269989,388.869995,396.53001,144629100,52.477611
7/1/2013,402.689991,412.269997,401.219997,409.219994,97763400,54.15703
7/2/2013,409.960011,421.629997,409.470013,418.490005,117466300,55.383843
7/3/2013,420.859993,422.979988,417.450008,420.799992,60232200,55.689551
7/5/2013,420.389996,423.290009,415.349987,417.419994,68506200,55.242235
7/8/2013,420.109989,420.999996,410.650013,415.050007,74534600,54.928586
7/9/2013,413.599987,423.5,410.379993,422.349987,88146100,55.894681
7/10/2013,419.599991,424.800003,418.25,420.730003,70351400,55.680289
7/11/2013,422.950001,428.249989,421.169987,427.289993,81573100,56.548451
7/12/2013,427.650002,429.789997,423.410011,426.510002,69890800,56.445226
7/15/2013,425.009995,431.459995,424.800003,427.44001,60479300,56.568305
7/16/2013,426.519989,430.709991,424.170002,430.199993,54134500,56.933567
7/17/2013,429.700008,432.220013,428.220001,430.310009,49747600,56.948127
7/18/2013,433.380013,434.870007,430.609989,431.760002,54719700,57.140022
7/19/2013,433.100006,433.98,424.350006,424.949993,67180400,56.238771
7/22/2013,429.460003,429.749996,425.470005,426.309998,51949100,56.418757
7/23/2013,426.000004,426.959999,418.710011,418.98999,92348900,55.450012
7/24/2013,438.929993,444.589989,435.260002,440.510002,147984200,58.298015
7/25/2013,440.699993,441.400009,435.810001,438.499996,57373400,58.032007
7/26/2013,435.300003,441.040001,434.340008,440.990013,50038100,58.361541
7/29/2013,440.799995,449.990005,440.200008,447.790009,62014400,59.261466
7/30/2013,449.959991,457.150009,449.229988,453.320015,77355600,59.993319
7/31/2013,454.990013,457.339973,449.429993,452.529984,80739400,59.888765
8/1/2013,455.749977,456.799988,453.259987,456.679985,51562700,60.437984
8/2/2013,458.010002,462.850006,456.660011,462.539986,68695900,61.213509
8/5/2013,464.689995,470.669998,462.150017,469.449997,79713900,62.127995
8/6/2013,468.020004,471.889999,462.169991,465.250008,83714400,61.572159
8/7/2013,463.799988,467.000008,461.769981,464.979988,74714500,61.536424
8/8/2013,463.860016,464.100021,457.949974,461.010017,63944300,61.413866
8/9/2013,458.639977,460.459991,453.650009,454.449974,66716300,60.539964
8/12/2013,456.860016,468.649979,456.629997,467.360016,91108500,62.259787
8/13/2013,470.940018,494.660027,468.050018,489.569977,220485300,65.218507
8/14/2013,497.88002,504.249992,493.400024,498.500008,189093100,66.408129
8/15/2013,496.420013,502.400017,489.079979,497.909981,122573500,66.329528
8/16/2013,500.149979,502.940002,498.860016,502.330002,90576500,66.918345
8/19/2013,504.339981,513.739983,504,507.740005,127629600,67.639044
8/20/2013,509.709984,510.569977,500.820007,501.07,89672100,66.750493
8/21/2013,503.590004,507.149979,501.199989,502.360016,83969900,66.922344
8/22/2013,504.979996,505.589996,498.199974,502.959976,61051900,67.002268
8/23/2013,503.269997,503.349998,499.350014,501.020012,55682900,66.743834
8/26/2013,500.749992,510.199982,500.5,502.970016,82741400,67.003606
8/27/2013,498.000023,502.509979,486.299995,488.589981,106047200,65.087956
8/28/2013,486.000015,495.800026,486.000015,490.899994,76902000,65.395687
8/29/2013,491.650024,496.500015,491.130013,491.700012,59914400,65.502262
8/30/2013,491.999992,492.949974,486.5,487.220016,68074300,64.905455
9/3/2013,493.099991,500.599976,487.350006,488.579994,82982200,65.086626
9/4/2013,499.560005,502.240013,496.279984,498.690025,86258200,66.433443
9/5/2013,500.250008,500.679977,493.639977,495.269974,59091900,65.977837
9/6/2013,498.43998,499.379974,489.950012,498.220001,89881400,66.370828
9/9/2013,505.000023,507.919983,503.479988,506.169983,85171800,67.429892
9/10/2013,506.199997,507.450012,489.500015,494.639999,185798900,65.893915
9/11/2013,467.009995,473.689987,464.809998,467.709984,224674100,62.306408
9/12/2013,468.500015,475.399986,466.010025,472.690018,101012800,62.969828
9/13/2013,469.339981,471.830025,464.699982,464.899986,74708900,61.932072
9/16/2013,460.999977,461.609978,447.220009,450.119995,135926700,59.963142
9/17/2013,447.959999,459.710014,447.499989,455.320007,99845200,60.655866
9/18/2013,463.18,466.350006,460.659996,464.680008,114215500,61.902767
9/19/2013,470.700012,475.830009,469.249992,472.299995,101135300,62.917871
9/20/2013,477.999992,478.550018,465.999985,467.410004,174825700,62.266446
9/23/2013,496.100006,496.910011,482.599991,490.640015,190526700,65.361053
9/24/2013,494.880005,495.469978,487.819977,489.100006,91086100,65.1559
9/25/2013,489.199982,489.639992,481.429977,481.530006,79239300,64.147455
9/26/2013,486.000015,488.56002,483.899994,486.219994,59305400,64.772236
9/27/2013,483.779991,484.669998,480.720001,482.750008,57010100,64.309979
9/30/2013,477.250015,481.659996,474.410004,476.749977,65039100,63.510679
10/1/2013,478.449989,489.140007,478.379974,487.960007,88470900,65.004034
10/2/2013,485.63002,491.799988,483.749977,489.55999,72296000,65.217177
10/3/2013,490.510025,492.350014,480.739975,483.409996,80688300,64.3979
10/4/2013,483.859993,484.599983,478.600006,483.030014,64717100,64.34728
10/7/2013,486.559975,492.649994,485.350014,487.750015,78073100,64.976059
10/8/2013,489.940025,490.640015,480.540024,480.93998,72729300,64.068854
10/9/2013,484.639984,487.790016,478.279999,486.589989,75431300,64.821525
10/10/2013,491.319977,492.379974,487.039986,489.639992,69650700,65.227834
10/11/2013,486.989998,493.839981,485.159996,492.809998,66934700,65.650129
10/14/2013,489.830009,497.579987,489.349998,496.039978,65474500,66.080414
10/15/2013,497.510025,502.000008,495.52002,498.679985,80018400,66.432105
10/16/2013,500.789993,502.530006,499.230011,501.110001,62775300,66.755822
10/17/2013,499.979988,504.779991,499.680008,504.499985,63398300,67.207422
10/18/2013,505.990005,509.259987,505.709999,508.889992,72635500,67.79224
10/21/2013,511.770004,524.300011,511.520012,521.360023,99526700,69.453447
10/22/2013,526.410019,528.450012,508.029999,519.870003,133515900,69.254953
10/23/2013,519.000023,525.669975,519.000023,524.959999,78430800,69.933021
10/24/2013,525,532.470024,522.449982,531.910011,96191200,70.858873
10/25/2013,531.319984,533.229988,525.110016,525.960022,84448000,70.06624
10/28/2013,529.039986,530.999977,523.209999,529.880005,137610200,70.588444
10/29/2013,536.270004,539.249992,514.540001,516.680023,158951800,68.829996
10/30/2013,519.610023,527.520004,517.020004,524.900024,88540900,69.925031
10/31/2013,525,527.48999,521.269981,522.699974,68924100,69.63195
11/1/2013,524.020004,524.799995,515.840004,520.030006,68722500,69.276268
11/4/2013,521.099991,526.820015,518.810005,526.75,61156900,70.171478
11/5/2013,524.580017,528.890022,523.000008,525.449997,66303300,69.998296
11/6/2013,524.149994,524.860023,518.200005,520.920013,55843900,69.799983
11/7/2013,519.580009,523.190025,512.380005,512.490021,65655100,68.670418
11/8/2013,514.580002,521.130005,512.589996,520.560005,69829200,69.751745
11/11/2013,519.990005,521.669991,514.410011,519.050011,56863100,69.549415
11/12/2013,517.670006,523.919975,516.999977,520.009979,51069200,69.678045
11/13/2013,518,522.249977,516.959976,520.63002,49305200,69.761126
11/14/2013,522.80999,529.279991,521.869995,528.160019,70604800,70.770098
11/15/2013,526.580009,529.089973,524.489975,524.990013,79480100,70.345338
11/18/2013,524.990013,527.19001,518.200005,518.629974,61236000,69.493133
11/19/2013,519.029984,523.37999,517.969986,519.549995,52234700,69.61641
11/20/2013,519.229988,520.419975,514.330009,514.999985,48479200,69.006737
11/21/2013,517.599991,521.210007,513.670021,521.139992,65506700,69.829459
11/22/2013,519.519981,522.159988,518.529999,519.799988,55931400,69.649907
11/25/2013,521.019989,525.86998,521.000015,523.739998,57327900,70.177844
11/26/2013,524.11998,536.140015,523.999977,533.399979,100345700,71.47222
11/27/2013,536.310005,546,533.399979,545.959999,90862100,73.155183
11/29/2013,549.480026,558.330002,547.809975,556.069977,79531900,74.509856
12/2/2013,558.000008,564.329979,550.819977,551.230026,118136200,73.861333
12/3/2013,558.299988,566.380013,557.68,566.319984,112742000,75.883292
12/4/2013,565.499992,569.19001,560.819992,565.000008,94452400,75.706424
12/5/2013,572.650009,575.139999,566.410027,567.899994,111895000,76.095003
12/6/2013,565.789986,566.750008,559.569977,560.019974,86088100,75.039131
12/9/2013,560.899994,569.579979,560.899994,566.43,80123400,75.898034
12/10/2013,563.580002,567.88002,561.199974,565.54998,69567400,75.780116
12/11/2013,567,570.970024,559.68998,561.359978,89929700,75.218683
12/12/2013,562.140022,565.339989,560.030014,560.539986,65572500,75.108809
12/13/2013,562.849998,562.880013,553.669975,554.429993,83205500,74.290108
12/16/2013,555.02002,562.640007,555.009979,557.500023,70648200,74.701473
12/17/2013,555.809998,559.439987,553.379982,554.990005,57475600,74.365147
12/18/2013,549.700005,551.450005,538.799995,550.769989,141465800,73.799691
12/19/2013,549.5,549.999985,543.729988,544.459991,80077200,72.954191
12/20/2013,545.43,551.610008,544.82,549.019989,109103400,73.565202
12/23/2013,568.000023,570.719978,562.76001,570.090004,125326600,76.388451
12/24/2013,569.889999,571.880005,566.029991,567.669975,41888700,76.064182
12/26/2013,568.099998,569.499977,563.379997,563.900009,51002000,75.559031
12/27/2013,563.820007,564.409981,559.500015,560.089989,56471100,75.048512
12/30/2013,557.460022,560.089989,552.319984,554.519981,63407400,74.302166
12/31/2013,554.170013,561.279976,554.000023,561.019997,55771100,75.173127
1/2/2014,555.680008,557.029999,552.020004,553.12999,58671200,74.115916
1/3/2014,552.860023,553.699989,540.429993,540.980019,98116900,72.487897
1/6/2014,537.450005,546.800018,533.599983,543.929993,103152700,72.883175
1/7/2014,544.320015,545.959999,537.919975,540.040024,79302300,72.361944
1/8/2014,538.809982,545.55999,538.68998,543.460022,64632400,72.820202
1/9/2014,546.800018,546.859993,535.349983,536.519997,69787200,71.890282
1/10/2014,539.829979,540.799988,531.109993,532.939995,76244000,71.410585
1/13/2014,529.910019,542.5,529.880005,535.730019,94623200,71.78443
1/14/2014,538.220009,546.730003,537.659996,546.390022,83140400,73.212803
1/15/2014,553.520012,560.200005,551.659996,557.359993,97909700,74.68271
1/16/2014,554.900017,556.850021,551.680023,554.250015,57319500,74.265993
1/17/2014,551.480019,552.069992,539.899994,540.669998,106684900,72.446356
1/21/2014,540.990005,550.07,540.420006,549.069977,82131700,73.5719
1/22/2014,550.910019,557.289978,547.809975,551.509979,94996300,73.898845
1/23/2014,549.94001,556.5,544.810013,556.179993,100809800,74.524597
1/24/2014,554.000023,555.61998,544.749985,546.070015,107338700,73.169924
1/27/2014,550.07,554.799988,545.750008,550.500023,138719700,73.763517
1/28/2014,508.760002,514.999985,502.070023,506.499977,266380800,67.86779
1/29/2014,503.950012,507.37001,498.62001,500.749992,125702500,67.097328
1/30/2014,502.539993,506.499977,496.70002,499.779984,169625400,66.967353
1/31/2014,495.179985,501.529984,493.549988,500.599976,116199300,67.077227
2/3/2014,502.610008,507.730019,499.300026,501.529984,100366000,67.201842
2/4/2014,505.849976,509.459991,502.760025,508.790016,94170300,68.174641
2/5/2014,506.560005,515.279991,506.249985,512.589996,82086200,68.683814
2/6/2014,510.060005,513.499977,507.81002,512.509995,64441300,69.084152
2/7/2014,521.379997,522.929993,517.380013,519.679985,92570100,70.050636
2/10/2014,518.659988,531.990013,518,528.989998,86389800,71.305586
2/11/2014,530.610008,537.749985,529.500023,535.959984,70564200,72.24511
2/12/2014,536.95002,539.560013,533.239975,535.919983,77025200,72.239718
2/13/2014,534.659981,544.850014,534.199997,544.429977,76849500,73.386829
2/14/2014,542.469986,545.980026,541.209984,543.990021,68231100,73.327525
2/18/2014,546,551.190025,545.609978,545.990013,65062900,73.597115
2/19/2014,544.749985,546.890007,534.350014,537.370003,78442000,72.435175
2/20/2014,532.989983,537.000008,528.999985,531.149994,76464500,71.596744
2/21/2014,532.789978,534.569992,524.599991,525.249992,69696200,70.801449
2/24/2014,523.150024,529.920006,522.420021,527.550018,72227400,71.111483
2/25/2014,529.38002,529.569984,521.000015,522.060013,57988000,70.371454
2/26/2014,523.610008,525,515.599998,517.349998,69054300,69.736564
2/27/2014,517.140007,528.780006,516.049995,527.670021,75470500,71.127659
2/28/2014,529.079987,532.749977,522.119987,526.239975,92992200,70.934895
3/3/2014,523.419991,530.650009,522.80999,527.76001,59695300,71.139789
3/4/2014,530.999977,532.640015,527.769997,531.239983,64785000,71.608874
3/5/2014,530.919975,534.750023,529.129974,532.360008,50015700,71.759849
3/6/2014,532.789978,534.440002,528.099991,530.749985,46372200,71.542825
3/7/2014,531.090019,531.980026,526.050011,530.440018,55182400,71.501042
3/10/2014,528.360023,533.330017,528.339996,530.919975,44646000,71.565739
3/11/2014,535.450012,538.740021,532.589973,536.089973,69806100,72.262632
3/12/2014,534.510017,537.349976,532,536.609985,49831600,72.332728
3/13/2014,537.440018,539.659988,529.159988,530.650009,64435700,71.529348
3/14/2014,528.789993,530.890015,523.000008,524.68998,59299800,70.725962
3/17/2014,527.699982,529.969994,525.850006,526.740013,49886200,71.002298
3/18/2014,525.899994,531.969986,525.200005,531.399986,52411800,71.630442
3/19/2014,532.259979,536.23999,528.999985,531.26001,56189000,71.611574
3/20/2014,529.889992,532.669975,527.350014,528.700005,52099600,71.266496
3/21/2014,531.929985,533.75,526.330017,532.86998,93511600,71.828591
3/24/2014,538.420013,540.500008,535.05999,539.190018,88925200,72.680505
3/25/2014,541.499977,545.750008,539.589973,544.98999,70573300,73.462316
3/26/2014,546.520012,549.000015,538.860023,539.779991,74942000,72.760031
3/27/2014,540.019997,541.499977,535.120018,537.459991,55507900,72.447305
3/28/2014,538.319984,538.940025,534.249985,536.859978,50141000,72.366426
3/31/2014,539.230019,540.809975,535.930023,536.739975,42167300,72.35025
4/1/2014,537.760025,541.870026,536.769989,541.649994,50190000,73.012099
4/2/2014,542.379997,543.479996,540.260002,542.549988,45105200,73.133415
4/3/2014,541.390015,542.5,537.640022,538.790009,40586000,72.626585
4/4/2014,539.810005,540.000023,530.579994,531.820023,68812800,71.687061
4/7/2014,528.019989,530.900002,521.890022,523.469978,72462600,70.561511
4/8/2014,525.190018,526.120026,518.699989,523.440018,60972100,70.557472
4/9/2014,522.639999,530.490005,522.020012,530.320015,51542400,71.484867
4/10/2014,530.680023,532.240005,523.169998,523.480019,59913000,70.562864
4/11/2014,519.000023,522.830017,517.140007,519.610023,67929400,70.041206
4/14/2014,521.900009,522.159988,517.210022,521.679977,51418500,70.320227
4/15/2014,520.270012,521.639977,511.329994,517.959999,66622500,69.818789
4/16/2014,518.049988,521.090004,514.139992,519.01001,53691400,69.960326
4/17/2014,519.999992,527.76001,519.199974,524.940025,71083600,70.759667
4/21/2014,525.339981,532.139977,523.959976,531.170021,45637200,71.599444
4/22/2014,528.309982,531.830009,526.500008,531.70002,50640800,71.670885
4/23/2014,529.060013,531.13002,524.449974,524.750008,98735000,70.734053
4/24/2014,568.210014,570.000015,560.730003,567.770004,189977900,76.532965
4/25/2014,564.529984,571.990021,563.959984,571.93998,97568800,77.09506
4/28/2014,572.800026,595.749977,572.54998,594.090019,167371400,80.08079
4/29/2014,593.739998,595.979996,589.509995,592.329979,84344400,79.843544
4/30/2014,592.639999,599.430008,589.799988,590.089981,114160200,79.541602
5/1/2014,591.999985,594.799995,586.360016,591.480026,61012000,79.728974
5/2/2014,592.340019,594.199982,589.709999,592.580025,47878600,79.877249
5/5/2014,590.140022,600.999977,589.999992,600.959976,71766800,81.006831
5/6/2014,601.799995,604.409988,594.410027,594.410027,93641100,80.123926
5/7/2014,595.249992,597.289986,587.72998,592.329979,70716100,79.843544
5/8/2014,588.249992,594.410027,586.400017,587.990013,57574300,79.701223
5/9/2014,584.540001,586.25,580.330025,585.540024,72899400,79.369131
5/12/2014,587.489975,593.659996,587.399986,592.830017,53302200,80.357279
5/13/2014,591.999985,594.540016,590.699982,593.760025,39934300,80.48334
5/14/2014,592.430008,597.400002,591.740005,593.869987,41601000,80.498245
5/15/2014,594.70002,596.599983,588.040001,588.819992,57711500,79.813726
5/16/2014,588.629974,597.529991,585.399994,597.510017,69064100,80.991646
5/19/2014,597.849998,607.330002,597.329987,604.590019,79438800,81.951331
5/20/2014,604.510017,606.399994,600.730011,604.710022,58709000,81.967597
5/21/2014,603.830002,606.699974,602.059975,606.310005,49214900,82.184472
5/22/2014,606.599998,609.850006,604.100021,607.269974,50190000,82.314595
5/23/2014,607.25,614.730011,606.470009,614.129997,58052400,83.244461
5/27/2014,615.879997,625.859985,615.630005,625.63002,87216500,84.803273
5/28/2014,626.019989,629.830009,623.779991,624.01001,78870400,84.583683
5/29/2014,627.849991,636.87001,627.769989,635.37999,94118500,86.124868
5/30/2014,637.979996,644.169991,628.900002,633.000015,141005200,85.802266
6/2/2014,633.959984,634.830017,622.500015,628.650009,92337700,85.212629
6/3/2014,628.459991,638.740013,628.25,637.539986,73177300,86.417653
6/4/2014,637.44001,647.890022,636.109993,644.819992,83870500,87.404447
6/5/2014,646.199997,649.370003,642.610008,647.349983,75951400,87.747384
6/6/2014,649.900002,651.259979,644.470024,645.570023,87484600,87.506113
6/9/2014,92.699997,93.879997,91.75,93.699997,75415000,88.906324
6/10/2014,94.730003,95.050003,93.57,94.25,62777000,89.428189
6/11/2014,94.129997,94.760002,93.470001,93.860001,45681000,89.058142
6/12/2014,94.040001,94.120003,91.900002,92.290001,54749000,87.568463
6/13/2014,92.199997,92.440002,90.879997,91.279999,54525000,86.610132
6/16/2014,91.510002,92.75,91.449997,92.199997,35561000,87.483064
6/17/2014,92.309998,92.699997,91.800003,92.080002,29726000,87.369207
6/18/2014,92.269997,92.290001,91.349998,92.18,33514000,87.46409
6/19/2014,92.290001,92.300003,91.339996,91.860001,35528000,87.160461
6/20/2014,91.849998,92.550003,90.900002,90.910004,100898000,86.259066
6/23/2014,91.32,91.620003,90.599998,90.830002,43694000,86.183157
6/24/2014,90.75,91.739998,90.190002,90.279999,39036000,85.661292
6/25/2014,90.209999,90.699997,89.650002,90.360001,36869000,85.737201
6/26/2014,90.370003,91.050003,89.800003,90.900002,32629000,86.249576
6/27/2014,90.82,92,90.769997,91.980003,64029000,87.274325
6/30/2014,92.099998,93.730003,92.089996,92.93,49482300,88.17572
7/1/2014,93.519997,94.07,93.129997,93.519997,38223000,88.735532
7/2/2014,93.870003,94.059998,93.089996,93.480003,28465000,88.697585
7/3/2014,93.669998,94.099998,93.199997,94.029999,22891800,89.219443
7/7/2014,94.139999,95.989998,94.099998,95.970001,56468000,91.060195
7/8/2014,96.269997,96.800003,93.919998,95.349998,65222000,90.471912
7/9/2014,95.440002,95.949997,94.760002,95.389999,36436000,90.509866
7/10/2014,93.760002,95.550003,93.519997,95.040001,39686000,90.177774
7/11/2014,95.360001,95.889999,94.860001,95.220001,34018000,90.348565
7/14/2014,95.860001,96.889999,95.650002,96.449997,42810000,91.515634
7/15/2014,96.800003,96.849998,95.029999,95.32,45477900,90.443448
7/16/2014,96.970001,97.099998,94.739998,94.779999,53396300,89.931073
7/17/2014,95.029999,95.279999,92.57,93.089996,57298000,88.327531
7/18/2014,93.620003,94.739998,93.019997,94.43,49988000,89.59898
7/21/2014,94.989998,95,93.720001,93.940002,39079000,89.134051
7/22/2014,94.68,94.889999,94.120003,94.720001,55197000,89.874145
7/23/2014,95.419998,97.879997,95.169998,97.190002,92918000,92.217781
7/24/2014,97.040001,97.32,96.419998,97.029999,45729000,92.065964
7/25/2014,96.849998,97.839996,96.639999,97.669998,43469000,92.673221
7/28/2014,97.82,99.239998,97.550003,99.019997,55318000,93.954154
7/29/2014,99.330002,99.440002,98.25,98.379997,43143000,93.346896
7/30/2014,98.440002,98.699997,97.669998,98.150002,33010000,93.128667
7/31/2014,97.160004,97.449997,95.330002,95.599998,56843000,90.709122
8/1/2014,94.900002,96.620003,94.809998,96.129997,48511000,91.212006
8/4/2014,96.370003,96.580002,95.169998,95.589996,39958000,90.699631
8/5/2014,95.360001,95.68,94.360001,95.120003,55933000,90.253683
8/6/2014,94.75,95.480003,94.709999,94.959999,38558000,90.101865
8/7/2014,94.93,95.949997,94.099998,94.480003,46711000,90.092335
8/8/2014,94.260002,94.82,93.279999,94.739998,41865000,90.340255
8/11/2014,95.269997,96.080002,94.839996,95.989998,36585000,91.532205
8/12/2014,96.040001,96.879997,95.610001,95.970001,33795000,91.513137
8/13/2014,96.150002,97.239998,96.040001,97.239998,31916000,92.724154
8/14/2014,97.330002,97.57,96.800003,97.5,28116000,92.972082
8/15/2014,97.900002,98.190002,96.860001,97.980003,48951000,93.429794
8/18/2014,98.489998,99.370003,97.980003,99.160004,47572000,94.554995
8/19/2014,99.410004,100.68,99.32,100.529999,69399000,95.861367
8/20/2014,100.440002,101.089996,99.949997,100.57,52699000,95.89951
8/21/2014,100.57,100.940002,100.110001,100.580002,33478000,95.909048
8/22/2014,100.290001,101.470001,100.190002,101.32,44184000,96.61468
8/25/2014,101.790001,102.169998,101.279999,101.540001,40270000,96.824465
8/26/2014,101.419998,101.5,100.860001,100.889999,33152000,96.204649
8/27/2014,101.019997,102.57,100.699997,102.129997,52369000,97.387061
8/28/2014,101.589996,102.779999,101.559998,102.25,68460000,97.501491
8/29/2014,102.860001,102.900002,102.199997,102.5,44595000,97.739881
9/2/2014,103.059998,103.739998,102.720001,103.300003,53564000,98.502732
9/3/2014,103.099998,103.199997,98.580002,98.940002,125421000,94.345211
9/4/2014,98.849998,100.089996,97.790001,98.120003,85718000,93.563292
9/5/2014,98.800003,99.389999,98.309998,98.970001,58457000,94.373816
9/8/2014,99.300003,99.309998,98.050003,98.360001,46356700,93.792144
9/9/2014,99.080002,103.080002,96.139999,97.989998,189846300,93.439324
9/10/2014,98.010002,101.110001,97.760002,101,100869600,96.309541
9/11/2014,100.410004,101.440002,99.620003,101.43,62353100,96.719572
9/12/2014,101.209999,102.190002,101.080002,101.660004,62626100,96.938894
9/15/2014,102.809998,103.050003,101.440002,101.629997,61316500,96.910281
9/16/2014,99.800003,101.260002,98.889999,100.860001,66908100,96.176044
9/17/2014,101.269997,101.800003,100.589996,101.580002,60926500,96.862608
9/18/2014,101.93,102.349998,101.559998,101.790001,37299400,97.062855
9/19/2014,102.290001,102.349998,100.5,100.959999,70902400,96.271398
9/22/2014,101.800003,102.139999,100.580002,101.059998,52788400,96.366753
9/23/2014,100.599998,102.940002,100.540001,102.639999,63402200,97.873379
9/24/2014,102.160004,102.849998,101.199997,101.75,60171800,97.024711
9/25/2014,100.510002,100.709999,97.720001,97.870003,100092000,93.324902
9/26/2014,98.529999,100.75,98.400002,100.75,62370500,96.071151
9/29/2014,98.650002,100.440002,98.629997,100.110001,49766300,95.460874
9/30/2014,100.809998,101.540001,100.529999,100.75,55264100,96.071151
10/1/2014,100.589996,100.690002,98.699997,99.18,51491300,94.574063
10/2/2014,99.269997,100.220001,98.040001,99.900002,47757800,95.260627
10/3/2014,99.440002,100.209999,99.040001,99.620003,43469600,94.993631
10/6/2014,99.949997,100.650002,99.419998,99.620003,37051200,94.993631
10/7/2014,99.43,100.120003,98.730003,98.75,42094200,94.164032
10/8/2014,98.760002,101.110001,98.309998,100.800003,57404700,96.118832
10/9/2014,101.540001,102.379997,100.610001,101.019997,77376500,96.328609
10/10/2014,100.690002,102.029999,100.300003,100.730003,66331600,96.052083
10/13/2014,101.330002,101.779999,99.809998,99.809998,53583400,95.174803
10/14/2014,100.389999,100.519997,98.57,98.75,63688600,94.164032
10/15/2014,97.970001,99.150002,95.18,97.540001,100933600,93.010225
10/16/2014,95.550003,97.720001,95.410004,96.260002,72154500,91.78967
10/17/2014,97.5,99,96.809998,97.669998,68179700,93.134185
10/20/2014,98.32,99.959999,98.220001,99.760002,77517300,95.127129
10/21/2014,103.019997,103.019997,101.269997,102.470001,94623900,97.711275
10/22/2014,102.839996,104.110001,102.599998,102.989998,68263100,98.207123
10/23/2014,104.080002,105.050003,103.629997,104.830002,71074700,99.961677
10/24/2014,105.18,105.489998,104.529999,105.220001,47053900,100.333565
10/27/2014,104.849998,105.480003,104.699997,105.110001,34187700,100.228673
10/28/2014,105.400002,106.739998,105.349998,106.739998,48060900,101.782973
10/29/2014,106.650002,107.370003,106.360001,107.339996,52687900,102.355107
10/30/2014,106.959999,107.349998,105.900002,106.980003,40654800,102.011832
10/31/2014,108.010002,108.040001,107.209999,108,44639300,102.98446
11/3/2014,108.220001,110.300003,108.010002,109.400002,52282600,104.319445
11/4/2014,109.360001,109.489998,107.720001,108.599998,41574400,103.556595
11/5/2014,109.099998,109.300003,108.129997,108.860001,37435900,103.804522
11/6/2014,108.599998,108.790001,107.800003,108.699997,34968500,104.101405
11/7/2014,108.75,109.32,108.550003,109.010002,33691500,104.398296
11/10/2014,109.019997,109.330002,108.669998,108.830002,27195500,104.22591
11/11/2014,108.699997,109.75,108.400002,109.699997,27442300,105.0591
11/12/2014,109.379997,111.43,109.370003,111.25,46942400,106.54353
11/13/2014,111.800003,113.449997,111.599998,112.82,59522900,108.04711
11/14/2014,113.150002,114.190002,111.209999,114.18,44063600,109.349575
11/17/2014,114.269997,117.279999,113.300003,113.989998,46746700,109.167611
11/18/2014,113.940002,115.690002,113.889999,115.470001,44224000,110.585002
11/19/2014,115.440002,115.739998,113.800003,114.669998,41869200,109.818844
11/20/2014,114.910004,116.860001,114.849998,116.309998,43395500,111.389462
11/21/2014,117.510002,117.57,116.029999,116.470001,57179300,111.542697
11/24/2014,116.849998,118.769997,116.620003,118.629997,47450800,113.611314
11/25/2014,119.07,119.75,117.449997,117.599998,68840400,112.624889
11/26/2014,117.940002,119.099998,117.830002,119,40768300,113.965663
11/28/2014,119.269997,119.400002,118.050003,118.93,24814400,113.898625
12/1/2014,118.809998,119.25,111.269997,115.07,83814000,110.201923
12/2/2014,113.5,115.75,112.75,114.629997,59348900,109.780535
12/3/2014,115.75,116.349998,115.110001,115.93,43063400,111.025541
12/4/2014,115.769997,117.199997,115.290001,115.489998,42044500,110.604153
12/5/2014,115.989998,116.080002,114.639999,115,38318900,110.134885
12/8/2014,114.099998,114.650002,111.620003,112.400002,57664900,107.64488
12/9/2014,110.190002,114.300003,109.349998,114.120003,60208000,109.292116
12/10/2014,114.410004,114.849998,111.540001,111.949997,44565300,107.213913
12/11/2014,112.260002,113.800003,111.339996,111.620003,41401700,106.897879
12/12/2014,110.459999,111.870003,109.580002,109.730003,56028100,105.087837
12/15/2014,110.699997,111.599998,106.349998,108.230003,67218100,103.651295
12/16/2014,106.370003,110.160004,106.260002,106.75,60790700,102.233904
12/17/2014,107.120003,109.839996,106.82,109.410004,53411800,104.781375
12/18/2014,111.870003,112.650002,110.660004,112.650002,59006200,107.884304
12/19/2014,112.260002,113.239998,111.660004,111.779999,88429800,107.051107
12/22/2014,112.160004,113.489998,111.970001,112.940002,45167500,108.162036
12/23/2014,113.230003,113.330002,112.459999,112.540001,26028400,107.778957
12/24/2014,112.580002,112.709999,112.010002,112.010002,14479600,107.27138
12/26/2014,112.099998,114.519997,112.010002,113.989998,33721000,109.167611
12/29/2014,113.790001,114.769997,113.699997,113.910004,27598900,109.091001
12/30/2014,113.639999,113.919998,112.110001,112.519997,29881500,107.759799
12/31/2014,112.82,113.129997,110.209999,110.379997,41403400,105.710333
1/2/2015,111.389999,111.440002,107.349998,109.330002,53204600,104.704758
1/5/2015,108.290001,108.650002,105.410004,106.25,64285500,101.755057
1/6/2015,106.540001,107.43,104.629997,106.260002,65797100,101.764636
1/7/2015,107.199997,108.199997,106.699997,107.75,40105900,103.191599
1/8/2015,109.230003,112.150002,108.699997,111.889999,59364500,107.156454
1/9/2015,112.669998,113.25,110.209999,112.010002,53699500,107.27138
1/12/2015,112.599998,112.629997,108.800003,109.25,49650800,104.62814
1/13/2015,111.43,112.800003,108.910004,110.220001,67091900,105.557105
1/14/2015,109.040001,110.489998,108.5,109.800003,48337000,105.154875
1/15/2015,110,110.059998,106.660004,106.82,60014000,102.300942
1/16/2015,107.029999,107.580002,105.199997,105.989998,78513300,101.506054
1/20/2015,107.839996,108.970001,106.5,108.720001,49899900,104.120563
1/21/2015,108.949997,111.059998,108.269997,109.550003,48575900,104.915452
1/22/2015,110.260002,112.470001,109.720001,112.400002,53796400,107.64488
1/23/2015,112.300003,113.75,111.529999,112.980003,46464800,108.200345
1/26/2015,113.739998,114.360001,112.800003,113.099998,55615000,108.315263
1/27/2015,112.419998,112.480003,109.029999,109.139999,95568700,104.522793
1/28/2015,117.629997,118.120003,115.309998,115.309998,146477100,110.431768
1/29/2015,116.32,119.190002,115.559998,118.900002,84436400,113.869895
1/30/2015,118.400002,120,116.849998,117.160004,83745500,112.203509
2/2/2015,118.050003,119.169998,116.080002,118.629997,62739100,113.611314
2/3/2015,118.5,119.089996,117.610001,118.650002,51915700,113.630472
2/4/2015,118.5,120.510002,118.309998,119.559998,70149700,114.50197
2/5/2015,120.019997,120.230003,119.25,119.940002,42246200,115.319223
2/6/2015,120.019997,120.25,118.449997,118.93,43706600,114.348132
2/9/2015,118.550003,119.839996,118.43,119.720001,38889800,115.107697
2/10/2015,120.169998,122.150002,120.160004,122.019997,62008500,117.319084
2/11/2015,122.769997,124.919998,122.5,124.879997,73561800,120.0689
2/12/2015,126.059998,127.480003,125.57,126.459999,74474500,121.588031
2/13/2015,127.279999,127.279999,125.650002,127.080002,54272200,122.184148
2/17/2015,127.489998,128.880005,126.919998,127.830002,63152400,122.905254
2/18/2015,127.629997,128.779999,127.449997,128.720001,44891700,123.760965
2/19/2015,128.479996,129.029999,128.330002,128.449997,37362400,123.501363
2/20/2015,128.619995,129.5,128.050003,129.5,48948400,124.510914
2/23/2015,130.020004,133,129.660004,133,70974100,127.876074
2/24/2015,132.940002,133.600006,131.169998,132.169998,69228100,127.078049
2/25/2015,131.559998,131.600006,128.149994,128.789993,74711700,123.828261
2/26/2015,128.789993,130.869995,126.610001,130.419998,91287500,125.395469
2/27/2015,130,130.570007,128.240005,128.460007,62014800,123.510987
3/2/2015,129.25,130.279999,128.300003,129.089996,48096700,124.116706
3/3/2015,128.960007,129.520004,128.089996,129.360001,37816300,124.376308
3/4/2015,129.100006,129.559998,128.320007,128.539993,31666300,123.587892
3/5/2015,128.580002,128.75,125.760002,126.410004,56517100,121.539962
3/6/2015,128.399994,129.369995,126.260002,126.599998,72842100,121.722637
3/9/2015,127.959999,129.570007,125.059998,127.139999,88528500,122.241834
3/10/2015,126.410004,127.220001,123.800003,124.510002,68856600,119.71316
3/11/2015,124.75,124.769997,122.110001,122.239998,68939000,117.530609
3/12/2015,122.309998,124.900002,121.629997,124.449997,48362700,119.655466
3/13/2015,124.400002,125.400002,122.580002,123.589996,51827300,118.828598
3/16/2015,123.879997,124.949997,122.870003,124.949997,35874300,120.136203
3/17/2015,125.900002,127.32,125.650002,127.040001,51023100,122.145688
3/18/2015,127,129.160004,126.370003,128.470001,65270900,123.520597
3/19/2015,128.75,129.25,127.400002,127.5,45809500,122.587966
3/20/2015,128.25,128.399994,125.160004,125.900002,68695100,121.049608
3/23/2015,127.120003,127.849998,126.519997,127.209999,37709700,122.309137
3/24/2015,127.230003,128.039993,126.559998,126.690002,32842300,121.809174
3/25/2015,126.540001,126.82,123.379997,123.379997,51655200,118.626689
3/26/2015,122.760002,124.879997,122.599998,124.239998,47572900,119.453558
3/27/2015,124.57,124.699997,122.910004,123.25,39546200,118.5017
3/30/2015,124.050003,126.400002,124,126.370003,47099700,121.501502
3/31/2015,126.089996,126.489998,124.360001,124.43,42090600,119.63624
4/1/2015,124.82,125.120003,123.099998,124.25,40621400,119.463174
4/2/2015,125.029999,125.559998,124.190002,125.32,32220100,120.491951
4/6/2015,124.470001,127.510002,124.330002,127.349998,37194000,122.443743
4/7/2015,127.639999,128.119995,125.980003,126.010002,35012300,121.155371
4/8/2015,125.849998,126.400002,124.970001,125.599998,37329200,120.761163
4/9/2015,125.849998,126.580002,124.660004,126.559998,32484000,121.684177
4/10/2015,125.949997,127.209999,125.260002,127.099998,40188000,122.203374
4/13/2015,128.369995,128.570007,126.610001,126.849998,36365100,121.963006
4/14/2015,127,127.290001,125.910004,126.300003,25524600,121.434199
4/15/2015,126.410004,127.129997,126.010002,126.779999,28970400,121.895703
4/16/2015,126.279999,127.099998,126.110001,126.169998,28369000,121.309203
4/17/2015,125.550003,126.139999,124.459999,124.75,51957000,119.943911
4/20/2015,125.57,128.119995,125.169998,127.599998,47054300,122.684112
4/21/2015,128.100006,128.199997,126.669998,126.910004,32435100,122.020699
4/22/2015,126.989998,128.869995,126.32,128.619995,37654500,123.664812
4/23/2015,128.300003,130.419998,128.139999,129.669998,45770900,124.674363
4/24/2015,130.490005,130.630005,129.229996,130.279999,44525900,125.260863
4/27/2015,132.309998,133.130005,131.149994,132.649994,96954200,127.539552
4/28/2015,134.460007,134.539993,129.570007,130.559998,118924000,125.530074
4/29/2015,130.160004,131.589996,128.300003,128.639999,63386100,123.684046
4/30/2015,128.639999,128.639999,124.580002,125.150002,83195400,120.328503
5/1/2015,126.099998,130.130005,125.300003,128.949997,58512600,123.9821
5/4/2015,129.5,130.570007,128.259995,128.699997,50988300,123.741732
5/5/2015,128.149994,128.449997,125.779999,125.800003,49271400,120.953462
5/6/2015,126.559998,126.75,123.360001,125.010002,72141000,120.193897
5/7/2015,124.769997,126.080002,124.019997,125.260002,43940900,120.93733
5/8/2015,126.68,127.620003,126.110001,127.620003,55550400,123.215888
5/11/2015,127.389999,127.559998,125.629997,126.32,42035800,121.960747
5/12/2015,125.599998,126.879997,124.82,125.870003,48160000,121.526279
5/13/2015,126.150002,127.190002,125.870003,126.010002,34694200,121.661447
5/14/2015,127.410004,128.949997,127.160004,128.949997,45203500,124.499984
5/15/2015,129.070007,129.490005,128.210007,128.770004,38208000,124.326203
5/18/2015,128.380005,130.720001,128.360001,130.190002,50882900,125.697198
5/19/2015,130.690002,130.880005,129.639999,130.070007,44633200,125.581344
5/20/2015,130,130.979996,129.339996,130.059998,36454900,125.571679
5/21/2015,130.070007,131.630005,129.830002,131.389999,39730400,126.855783
5/22/2015,131.600006,132.970001,131.399994,132.539993,45596000,127.966091
5/26/2015,132.600006,132.910004,129.119995,129.619995,70697600,125.146861
5/27/2015,130.339996,132.259995,130.050003,132.039993,45833200,127.483346
5/28/2015,131.860001,131.949997,131.100006,131.779999,30733300,127.232324
5/29/2015,131.229996,131.449997,129.899994,130.279999,50884500,125.784088
6/1/2015,130.279999,131.389999,130.050003,130.539993,32112800,126.03511
6/2/2015,129.860001,130.660004,129.320007,129.960007,33667600,125.475139
6/3/2015,130.660004,130.940002,129.899994,130.119995,30889400,125.629606
6/4/2015,129.580002,130.580002,128.910004,129.360001,38450100,124.895839
6/5/2015,129.5,129.690002,128.360001,128.649994,35626800,124.210334
6/8/2015,128.899994,129.210007,126.830002,127.800003,52674800,123.389676
6/9/2015,126.699997,128.080002,125.620003,127.419998,56075400,123.022785
6/10/2015,127.919998,129.339996,127.849998,128.880005,39087300,124.432408
6/11/2015,129.179993,130.179993,128.479996,128.589996,35390900,124.152407
6/12/2015,128.190002,128.330002,127.110001,127.169998,36886200,122.781413
6/15/2015,126.099998,127.239998,125.709999,126.919998,43988900,122.54004
6/16/2015,127.029999,127.849998,126.370003,127.599998,31494100,123.196574
6/17/2015,127.720001,127.879997,126.739998,127.300003,32918100,122.906931
6/18/2015,127.230003,128.309998,127.220001,127.879997,35407200,123.46691
6/19/2015,127.709999,127.82,126.400002,126.599998,54716900,122.231083
6/22/2015,127.489998,128.059998,127.080002,127.610001,34039300,123.206231
6/23/2015,127.480003,127.610001,126.879997,127.029999,30268900,122.646244
6/24/2015,127.209999,129.800003,127.120003,128.110001,55280900,123.688976
6/25/2015,128.860001,129.199997,127.5,127.5,31938100,123.100026
6/26/2015,127.669998,127.989998,126.510002,126.75,44066800,122.375908
6/29/2015,125.459999,126.470001,124.480003,124.529999,49161400,120.232518
6/30/2015,125.57,126.120003,124.860001,125.43,44370700,121.101461
7/1/2015,126.900002,126.940002,125.989998,126.599998,30238800,122.231083
7/2/2015,126.43,126.690002,125.769997,126.440002,27211000,122.076609
7/6/2015,124.940002,126.230003,124.849998,126,28060400,121.65179
7/7/2015,125.889999,126.150002,123.769997,125.690002,46946800,121.352491
7/8/2015,124.480003,124.639999,122.540001,122.57,60761600,118.340158
7/9/2015,123.849998,124.059998,119.220001,120.07,77821600,115.926432
7/10/2015,121.940002,123.849998,121.209999,123.279999,61354500,119.025655
7/13/2015,125.029999,125.760002,124.32,125.660004,41440500,121.323527
7/14/2015,126.040001,126.370003,125.040001,125.610001,31768100,121.27525
7/15/2015,125.720001,127.150002,125.580002,126.82,33649200,122.443492
7/16/2015,127.739998,128.570007,127.349998,128.509995,36222400,124.075166
7/17/2015,129.080002,129.619995,128.309998,129.619995,46164700,125.146861
7/20/2015,130.970001,132.970001,130.699997,132.070007,58900200,127.512324
7/21/2015,132.850006,132.919998,130.320007,130.75,76756400,126.23787
7/22/2015,121.989998,125.5,121.989998,125.220001,115450600,120.898709
7/23/2015,126.199997,127.089996,125.059998,125.160004,50999500,120.840782
7/24/2015,125.32,125.739998,123.900002,124.5,42162300,120.203555
7/27/2015,123.089996,123.610001,122.120003,122.769997,44455500,118.533253
7/28/2015,123.379997,123.910004,122.550003,123.379997,33618100,119.122203
7/29/2015,123.150002,123.5,122.269997,122.989998,37011700,118.745662
7/30/2015,122.32,122.57,121.709999,122.370003,33628300,118.147063
7/31/2015,122.599998,122.639999,120.910004,121.300003,42885000,117.113989
8/3/2015,121.5,122.57,117.519997,118.440002,69976000,114.352685
8/4/2015,117.419998,117.699997,113.25,114.639999,124138600,110.683819
8/5/2015,112.949997,117.440002,112.099998,115.400002,99312600,111.417594
8/6/2015,115.970001,116.5,114.120003,115.129997,52903000,111.66005
8/7/2015,114.580002,116.25,114.5,115.519997,38670400,112.038295
8/10/2015,116.529999,119.989998,116.529999,119.720001,54951600,116.111714
8/11/2015,117.809998,118.18,113.330002,113.489998,97082800,110.069479
8/12/2015,112.529999,115.419998,109.629997,115.239998,101217500,111.766735
8/13/2015,116.040001,116.400002,114.540001,115.150002,48535800,111.679451
8/14/2015,114.32,116.309998,114.010002,115.959999,42929500,112.465036
8/17/2015,116.040001,117.650002,115.5,117.160004,40884700,113.628873
8/18/2015,116.43,117.440002,116.010002,116.5,34560700,112.988761
8/19/2015,116.099998,116.519997,114.68,115.010002,47445700,111.543671
8/20/2015,114.080002,114.349998,111.629997,112.650002,68501600,109.2548
8/21/2015,110.43,111.900002,105.650002,105.760002,128275500,102.572461
8/24/2015,94.870003,108.800003,92,103.120003,162206300,100.012029
8/25/2015,111.110001,111.110001,103.5,103.739998,103601600,100.613338
8/26/2015,107.089996,109.889999,105.050003,109.690002,96774600,106.384013
8/27/2015,112.230003,113.239998,110.019997,112.919998,84616100,109.516659
8/28/2015,112.169998,113.309998,111.540001,113.290001,53164400,109.87551
8/31/2015,112.029999,114.529999,112,112.760002,56229300,109.361485
9/1/2015,110.150002,111.879997,107.360001,107.720001,76845900,104.473386
9/2/2015,110.230003,112.339996,109.129997,112.339996,61888800,108.954138
9/3/2015,112.489998,112.779999,110.040001,110.370003,53233900,107.043519
9/4/2015,108.970001,110.449997,108.510002,109.269997,49996300,105.976666
9/8/2015,111.75,112.559998,110.32,112.309998,54843600,108.925043
9/9/2015,113.760002,114.019997,109.769997,110.150002,85010800,106.830148
9/10/2015,110.269997,113.279999,109.900002,112.57,62892800,109.177209
9/11/2015,111.790001,114.209999,111.760002,114.209999,49915500,110.76778
9/14/2015,116.580002,116.889999,114.860001,115.309998,58363400,111.834625
9/15/2015,115.93,116.529999,114.419998,116.279999,43341200,112.775391
9/16/2015,116.25,116.540001,115.440002,116.410004,37173500,112.901478
9/17/2015,115.660004,116.489998,113.720001,113.919998,64112600,110.486519
9/18/2015,112.209999,114.300003,111.870003,113.449997,74285300,110.030684
9/21/2015,113.669998,115.370003,113.660004,115.209999,50222000,111.73764
9/22/2015,113.379997,114.18,112.519997,113.400002,50346200,109.982195
9/23/2015,113.629997,114.720001,113.300003,114.32,35756700,110.874465
9/24/2015,113.25,115.5,112.370003,115,50219500,111.533971
9/25/2015,116.440002,116.690002,114.019997,114.709999,56151900,111.25271
9/28/2015,113.849998,114.57,112.440002,112.440002,52109000,109.05113
9/29/2015,112.830002,113.510002,107.860001,109.059998,73365400,105.772996
9/30/2015,110.169998,111.540001,108.730003,110.300003,66473000,106.975629
10/1/2015,109.07,109.620003,107.309998,109.580002,63929100,106.277328
10/2/2015,108.010002,111.010002,107.550003,110.379997,58019800,107.053212
10/5/2015,109.879997,111.370003,109.07,110.779999,52064700,107.441158
10/6/2015,110.629997,111.739998,109.769997,111.309998,48196800,107.955183
10/7/2015,111.739998,111.769997,109.410004,110.779999,46765600,107.441158
10/8/2015,110.190002,110.190002,108.209999,109.5,61979600,106.199737
10/9/2015,110,112.279999,109.489998,112.120003,52766100,108.740775
10/12/2015,112.730003,112.75,111.440002,111.599998,30467200,108.236443
10/13/2015,110.82,112.449997,110.68,111.790001,33049300,108.420719
10/14/2015,111.290001,111.519997,109.559998,110.209999,44462400,106.888337
10/15/2015,110.93,112.099998,110.489998,111.860001,37673500,108.488609
10/16/2015,111.779999,112,110.529999,111.040001,39232600,107.693323
10/19/2015,110.800003,111.75,110.110001,111.730003,29759200,108.36253
10/20/2015,111.339996,114.169998,110.82,113.769997,48778800,110.341039
10/21/2015,114,115.580002,113.699997,113.760002,41795200,110.331345
10/22/2015,114.330002,115.5,114.099998,115.5,41654100,112.018901
10/23/2015,116.699997,119.230003,116.330002,119.080002,59366900,115.491004
10/26/2015,118.080002,118.129997,114.919998,115.279999,66333800,111.80553
10/27/2015,115.400002,116.540001,113.989998,114.550003,69884400,111.097536
10/28/2015,116.93,119.300003,116.059998,119.269997,85551400,115.675272
10/29/2015,118.699997,120.690002,118.269997,120.529999,51227300,116.897299
10/30/2015,120.989998,121.220001,119.449997,119.5,49365300,115.898343
11/2/2015,120.800003,121.360001,119.610001,121.18,32203300,117.527709
11/3/2015,120.790001,123.489998,120.699997,122.57,45519000,118.875815
11/4/2015,123.129997,123.82,121.620003,122,44886100,118.322995
11/5/2015,121.849998,122.690002,120.18,120.919998,39552700,117.777553
11/6/2015,121.110001,121.809998,120.620003,121.059998,33042300,117.913914
11/9/2015,120.959999,121.809998,120.050003,120.57,33871400,117.43665
11/10/2015,116.900002,118.07,116.059998,116.769997,59127900,113.735401
11/11/2015,116.370003,117.419998,115.209999,116.110001,45218000,113.092557
11/12/2015,116.260002,116.82,115.650002,115.720001,32525600,112.712693
11/13/2015,115.199997,115.57,112.269997,112.339996,45812400,109.420527
11/16/2015,111.379997,114.239998,111,114.18,38106700,111.212713
11/17/2015,114.919998,115.050003,113.32,113.690002,27616900,110.735449
11/18/2015,115.760002,117.489998,115.5,117.290001,46674700,114.241891
11/19/2015,117.639999,119.75,116.760002,118.779999,43295800,115.693167
11/20/2015,119.199997,119.919998,118.849998,119.300003,34287100,116.199658
11/23/2015,119.269997,119.730003,117.339996,117.75,32482500,114.689936
11/24/2015,117.330002,119.349998,117.120003,118.879997,42803200,115.790567
11/25/2015,119.209999,119.230003,117.919998,118.029999,21388300,114.962658
11/27/2015,118.290001,118.410004,117.599998,117.809998,13046400,114.748374
11/30/2015,117.989998,119.410004,117.75,118.300003,39180300,115.225646
12/1/2015,118.75,118.809998,116.860001,117.339996,34852400,114.290588
12/2/2015,117.339996,118.110001,116.080002,116.279999,33386600,113.258137
12/3/2015,116.550003,116.790001,114.220001,115.199997,41569500,112.206202
12/4/2015,115.290001,119.25,115.110001,119.029999,57777000,115.936671
12/7/2015,118.980003,119.860001,117.809998,118.279999,32084200,115.206161
12/8/2015,117.519997,118.599998,116.860001,118.230003,34309500,115.157465
12/9/2015,117.639999,117.690002,115.080002,115.620003,46361400,112.615293
12/10/2015,116.040001,116.940002,115.510002,116.169998,29104200,113.150995
12/11/2015,115.190002,115.389999,112.849998,113.18,46886200,110.238701
12/14/2015,112.18,112.68,109.790001,112.480003,64318700,109.556895
12/15/2015,111.940002,112.800003,110.349998,110.489998,53323100,107.618605
12/16/2015,111.07,111.989998,108.800003,111.339996,56238500,108.446514
12/17/2015,112.019997,112.25,108.980003,108.980003,44772800,106.147852
12/18/2015,108.910004,109.519997,105.809998,106.029999,96453300,103.274512
12/21/2015,107.279999,107.370003,105.57,107.330002,47590600,104.540731
12/22/2015,107.400002,107.720001,106.449997,107.230003,32789400,104.443331
12/23/2015,107.269997,108.849998,107.199997,108.610001,32657400,105.787465
12/24/2015,109,109,107.949997,108.029999,13570400,105.222536
12/28/2015,107.589996,107.690002,106.18,106.82,26704200,104.043982
12/29/2015,106.959999,109.43,106.860001,108.739998,30931200,105.914084
12/30/2015,108.580002,108.699997,107.18,107.32,25213800,104.530989
12/31/2015,107.010002,107.029999,104.82,105.260002,40635300,102.524526
1/4/2016,102.610001,105.370003,102,105.349998,67649400,102.612183
1/5/2016,105.75,105.849998,102.410004,102.709999,55791000,100.040792
1/6/2016,100.559998,102.370003,99.870003,100.699997,68457400,98.083025
1/7/2016,98.68,100.129997,96.43,96.449997,81094400,93.943473
1/8/2016,98.550003,99.110001,96.760002,96.959999,70798000,94.440222
1/11/2016,98.970001,99.059998,97.339996,98.529999,49739400,95.96942
1/12/2016,100.550003,100.690002,98.839996,99.959999,49154200,97.362258
1/13/2016,100.32,101.190002,97.300003,97.389999,62439600,94.859047
1/14/2016,97.959999,100.480003,95.739998,99.519997,63170100,96.93369
1/15/2016,96.199997,97.709999,95.360001,97.129997,79010000,94.605802
1/19/2016,98.410004,98.650002,95.5,96.660004,53087700,94.148022
1/20/2016,95.099998,98.190002,93.419998,96.790001,72334400,94.274641
1/21/2016,97.059998,97.879997,94.940002,96.300003,52161500,93.797377
1/22/2016,98.629997,101.459999,98.370003,101.419998,65800500,98.784315
1/25/2016,101.519997,101.529999,99.209999,99.440002,51794500,96.855775
1/26/2016,99.93,100.879997,98.07,99.989998,75077000,97.391477
1/27/2016,96.040001,96.629997,93.339996,93.419998,133369700,90.992218
1/28/2016,93.790001,94.519997,92.389999,94.089996,55678800,91.644804
1/29/2016,94.790001,97.339996,94.349998,97.339996,64416500,94.810344
2/1/2016,96.470001,96.709999,95.400002,96.43,40943500,93.923996
2/2/2016,95.419998,96.040001,94.279999,94.480003,37357200,92.024676
2/3/2016,95,96.839996,94.080002,96.349998,45964300,93.846074
2/4/2016,95.860001,97.330002,95.190002,96.599998,46471700,94.600127
2/5/2016,96.519997,96.919998,93.690002,94.019997,46418100,92.073538
2/8/2016,93.129997,95.699997,93.040001,95.010002,54021400,93.043048
2/9/2016,94.290001,95.940002,93.93,94.989998,44331200,93.023458
2/10/2016,95.919998,96.349998,94.099998,94.269997,42343600,92.318363
2/11/2016,93.790001,94.720001,92.589996,93.699997,50074700,91.760163
2/12/2016,94.190002,94.5,93.010002,93.989998,40351400,92.04416
2/16/2016,95.019997,96.849998,94.610001,96.639999,49057900,94.6393
2/17/2016,96.669998,98.209999,96.150002,98.120003,44863200,96.088664
2/18/2016,98.839996,98.889999,96.089996,96.260002,39021000,94.26717
2/19/2016,96,96.760002,95.800003,96.040001,35374200,94.051723
2/22/2016,96.309998,96.900002,95.919998,96.879997,34280800,94.874329
2/23/2016,96.400002,96.5,94.550003,94.690002,31942600,92.729673
2/24/2016,93.980003,96.379997,93.32,96.099998,36255700,94.110479
2/25/2016,96.050003,96.760002,95.25,96.760002,27582700,94.756818
2/26/2016,97.199997,98.019997,96.580002,96.910004,28991100,94.903715
2/29/2016,96.860001,98.230003,96.650002,96.690002,35216300,94.688268
3/1/2016,97.650002,100.769997,97.419998,100.529999,50407100,98.448766
3/2/2016,100.510002,100.889999,99.639999,100.75,33169600,98.664213
3/3/2016,100.580002,101.709999,100.449997,101.5,36955700,99.398686
3/4/2016,102.370003,103.75,101.370003,103.010002,46055100,100.877427
3/7/2016,102.389999,102.830002,100.959999,101.870003,35828900,99.761029
3/8/2016,100.779999,101.760002,100.400002,101.029999,31561900,98.938415
3/9/2016,101.309998,101.580002,100.269997,101.120003,27201700,99.026556
3/10/2016,101.410004,102.239998,100.150002,101.169998,33513600,99.075516
3/11/2016,102.239998,102.279999,101.5,102.260002,27408200,100.142954
3/14/2016,101.910004,102.910004,101.779999,102.519997,25076100,100.397566
3/15/2016,103.959999,105.18,103.849998,104.580002,40067700,102.414924
3/16/2016,104.610001,106.309998,104.589996,105.970001,38303500,103.776147
3/17/2016,105.519997,106.470001,104.959999,105.800003,34420700,103.609668
3/18/2016,106.339996,106.5,105.190002,105.919998,44205200,103.727179
3/21/2016,105.93,107.650002,105.139999,105.910004,35502700,103.717391
3/22/2016,105.25,107.290001,105.209999,106.720001,32444400,104.51062
3/23/2016,106.480003,107.07,105.900002,106.129997,25703500,103.93283
3/24/2016,105.470001,106.25,104.889999,105.669998,26133000,103.482354
3/28/2016,106,106.190002,105.059998,105.190002,19411400,103.012296
3/29/2016,104.889999,107.790001,104.879997,107.68,31190100,105.450744
3/30/2016,108.650002,110.419998,108.599998,109.559998,45601100,107.291821
3/31/2016,109.720001,109.900002,108.879997,108.989998,25888400,106.733621
4/1/2016,108.779999,110,108.199997,109.989998,25874000,107.712919
4/4/2016,110.419998,112.190002,110.269997,111.120003,37356200,108.81953
4/5/2016,109.510002,110.730003,109.419998,109.809998,26578700,107.536645
4/6/2016,110.230003,110.980003,109.199997,110.959999,26404100,108.662839
4/7/2016,109.949997,110.419998,108.120003,108.540001,31801900,106.292941
4/8/2016,108.910004,109.769997,108.169998,108.660004,23581700,106.410459
4/11/2016,108.970001,110.610001,108.830002,109.019997,29407500,106.762999
4/12/2016,109.339996,110.5,108.660004,110.440002,27232300,108.153607
4/13/2016,110.800003,112.339996,110.800003,112.040001,33257300,109.720482
4/14/2016,111.620003,112.389999,111.330002,112.099998,25473900,109.779237
4/15/2016,112.110001,112.300003,109.730003,109.849998,46939000,107.575818
4/18/2016,108.889999,108.949997,106.940002,107.480003,60834000,105.254888
4/19/2016,107.879997,108,106.230003,106.910004,32384900,104.696689
4/20/2016,106.639999,108.089996,106.059998,107.129997,30611000,104.912128
4/21/2016,106.93,106.93,105.519997,105.970001,31552500,103.776147
4/22/2016,105.010002,106.480003,104.620003,105.68,33683100,103.492149
4/25/2016,105,105.650002,104.510002,105.080002,28031600,102.904573
4/26/2016,103.910004,105.300003,103.910004,104.349998,56016200,102.189682
4/27/2016,96,98.709999,95.68,97.82,114602100,95.794871
4/28/2016,97.610001,97.879997,94.25,94.830002,82242700,92.866774
4/29/2016,93.989998,94.720001,92.510002,93.739998,68531500,91.799336
5/2/2016,93.970001,94.080002,92.400002,93.639999,48160100,91.701408
5/3/2016,94.199997,95.739998,93.68,95.18,56831300,93.209527
5/4/2016,95.199997,95.900002,93.82,94.190002,41025500,92.240024
5/5/2016,94,94.07,92.68,93.239998,35890500,91.865625
5/6/2016,93.370003,93.449997,91.849998,92.720001,43458200,91.353293
5/9/2016,93,93.769997,92.589996,92.790001,32936400,91.422261
5/10/2016,93.330002,93.57,92.110001,93.419998,33686800,92.042972
5/11/2016,93.480003,93.57,92.459999,92.510002,28719100,91.146389
5/12/2016,92.720001,92.779999,89.470001,90.339996,76314700,89.00837
5/13/2016,90,91.669998,90,90.519997,44392800,89.185717
5/16/2016,92.389999,94.389999,91.650002,93.879997,61259800,92.49619
5/17/2016,94.550003,94.699997,93.010002,93.489998,46916900,92.111939
5/18/2016,94.160004,95.209999,93.889999,94.559998,42062400,93.166167
5/19/2016,94.639999,94.639999,93.57,94.199997,30442100,92.811473
5/20/2016,94.639999,95.43,94.519997,95.220001,32026000,93.816442
5/23/2016,95.870003,97.190002,95.669998,96.43,38018600,95.008606
5/24/2016,97.220001,98.089996,96.839996,97.900002,35140200,96.456939
5/25/2016,98.669998,99.739998,98.110001,99.620003,38168800,98.151587
5/26/2016,99.68,100.730003,98.639999,100.410004,56331200,98.929943
5/27/2016,99.440002,100.470001,99.25,100.349998,36229500,98.870823
5/31/2016,99.599998,100.400002,98.82,99.860001,42307200,98.388047
6/1/2016,99.019997,99.540001,98.330002,98.459999,29173300,97.008682
6/2/2016,97.599998,97.839996,96.629997,97.720001,40191600,96.279592
6/3/2016,97.790001,98.269997,97.449997,97.919998,28062900,96.476641
6/6/2016,97.989998,101.889999,97.550003,98.629997,23292500,97.176174
6/7/2016,99.25,99.870003,98.959999,99.029999,22409500,97.57028
6/8/2016,99.019997,99.559998,98.68,98.940002,20848100,97.48161
6/9/2016,98.5,99.989998,98.459999,99.650002,26601400,98.181144
6/10/2016,98.529999,99.349998,98.480003,98.830002,31712900,97.373231
6/13/2016,98.690002,99.120003,97.099998,97.339996,38020500,95.905188
6/14/2016,97.32,98.480003,96.75,97.459999,31931900,96.023422
6/15/2016,97.82,98.410004,97.029999,97.139999,29445200,95.708139
6/16/2016,96.449997,97.75,96.07,97.550003,31326800,96.1121
6/17/2016,96.620003,96.650002,95.300003,95.330002,61008200,93.924821
6/20/2016,96,96.57,95.029999,95.099998,34411900,93.698208
6/21/2016,94.940002,96.349998,94.68,95.910004,35546400,94.496274
6/22/2016,96.25,96.889999,95.349998,95.550003,29219100,94.14158
6/23/2016,95.940002,96.290001,95.25,96.099998,32240200,94.683468
6/24/2016,92.910004,94.660004,92.650002,93.400002,75311400,92.02327
6/27/2016,93,93.050003,91.5,92.040001,45489600,90.683316
6/28/2016,92.900002,93.660004,92.139999,93.589996,40444900,92.210464
6/29/2016,93.970001,94.550003,93.629997,94.400002,36531000,93.00853
6/30/2016,94.440002,95.769997,94.300003,95.599998,35836400,94.190838
7/1/2016,95.489998,96.470001,95.330002,95.889999,26026500,94.476565
7/5/2016,95.389999,95.400002,94.459999,94.989998,27705200,93.589829
7/6/2016,94.599998,95.660004,94.370003,95.529999,30949100,94.12187
7/7/2016,95.699997,96.5,95.620003,95.940002,25139600,94.525831
7/8/2016,96.489998,96.889999,96.050003,96.68,28912100,95.254921
7/11/2016,96.75,97.650002,96.730003,96.980003,23794900,95.550502
7/12/2016,97.169998,97.699997,97.120003,97.419998,24167500,95.984011
7/13/2016,97.410004,97.669998,96.839996,96.870003,25892200,95.442123
7/14/2016,97.389999,98.989998,97.32,98.790001,38919000,97.33382
7/15/2016,98.919998,99.300003,98.5,98.779999,30137000,97.323965
7/18/2016,98.699997,100.129997,98.599998,99.830002,36493900,98.358491
7/19/2016,99.559998,100,99.339996,99.870003,23779900,98.397902
7/20/2016,100,100.459999,99.739998,99.959999,26276000,98.486572
7/21/2016,99.830002,101,99.129997,99.43,32702000,97.964385
7/22/2016,99.260002,99.300003,98.309998,98.660004,28313700,97.205739
7/25/2016,98.25,98.839996,96.919998,97.339996,40382900,95.905188
7/26/2016,96.82,97.970001,96.419998,96.669998,56239800,95.245066
7/27/2016,104.269997,104.349998,102.75,102.949997,92344800,101.432497
7/28/2016,102.830002,104.449997,102.82,104.339996,39869800,102.802007
7/29/2016,104.190002,104.550003,103.68,104.209999,27733700,102.673926
8/1/2016,104.410004,106.150002,104.410004,106.050003,38167900,104.486808
8/2/2016,106.050003,106.07,104,104.480003,33816600,102.93995
8/3/2016,104.809998,105.839996,104.769997,105.790001,30202600,104.230638
8/4/2016,105.580002,106,105.279999,105.870003,27408700,104.874527
8/5/2016,106.269997,107.650002,106.18,107.480003,40553400,106.469389
8/8/2016,107.519997,108.370003,107.160004,108.370003,28037200,107.35102
8/9/2016,108.230003,108.940002,108.010002,108.809998,26315200,107.786878
8/10/2016,108.709999,108.900002,107.760002,108,24008500,106.984496
8/11/2016,108.519997,108.93,107.849998,107.93,27484500,106.915155
8/12/2016,107.779999,108.440002,107.779999,108.18,18660400,107.162804
8/15/2016,108.139999,109.540001,108.080002,109.480003,25868200,108.450584
8/16/2016,109.629997,110.230003,109.209999,109.379997,33794400,108.351518
8/17/2016,109.099998,109.370003,108.339996,109.220001,25356000,108.193026
8/18/2016,109.230003,109.599998,109.019997,109.080002,21984700,108.054343
8/19/2016,108.769997,109.690002,108.360001,109.360001,25368100,108.331709
8/22/2016,108.860001,109.099998,107.849998,108.510002,25820200,107.489703
8/23/2016,108.589996,109.32,108.529999,108.849998,21257700,107.826502
8/24/2016,108.57,108.75,107.68,108.029999,23675100,107.014213
8/25/2016,107.389999,107.879997,106.68,107.57,25086200,106.558539
8/26/2016,107.410004,107.949997,106.309998,106.940002,27766300,105.934466
8/29/2016,106.620003,107.440002,106.290001,106.82,24970300,105.815591
8/30/2016,105.800003,106.5,105.5,106,24863900,105.003302
8/31/2016,105.660004,106.57,105.639999,106.099998,29662400,105.10236
9/1/2016,106.139999,106.800003,105.620003,106.730003,26701500,105.726441
9/2/2016,107.699997,108,106.82,107.730003,26802500,106.717038
9/6/2016,107.900002,108.300003,107.510002,107.699997,26880400,106.687314
9/7/2016,107.830002,108.760002,107.07,108.360001,42364300,107.341112
9/8/2016,107.25,107.269997,105.239998,105.519997,53002000,104.527812
9/9/2016,104.639999,105.720001,103.129997,103.129997,46557000,102.160285
9/12/2016,102.650002,105.720001,102.529999,105.440002,45292800,104.44857
9/13/2016,107.510002,108.790001,107.239998,107.949997,62176200,106.934963
9/14/2016,108.730003,113.029999,108.599998,111.769997,110888700,110.719044
9/15/2016,113.860001,115.730003,113.489998,115.57,89983600,114.483317
9/16/2016,115.120003,116.129997,114.040001,114.919998,79886900,113.839427
9/19/2016,115.190002,116.18,113.25,113.580002,47023000,112.51203
9/20/2016,113.050003,114.120003,112.510002,113.57,34514300,112.502122
9/21/2016,113.849998,113.989998,112.440002,113.550003,36003200,112.482314
9/22/2016,114.349998,114.940002,114,114.620003,31074000,113.542252
9/23/2016,114.419998,114.790001,111.550003,112.709999,52481200,111.650208
9/26/2016,111.639999,113.389999,111.550003,112.879997,29869400,111.818608
9/27/2016,113,113.18,112.339996,113.089996,24607400,112.026632
9/28/2016,113.690002,114.639999,113.43,113.949997,29641100,112.878547
9/29/2016,113.160004,113.800003,111.800003,112.18,35887000,111.125193
9/30/2016,112.459999,113.370003,111.800003,113.050003,36379100,111.987015
10/3/2016,112.709999,113.050003,112.279999,112.519997,21701800,111.461992
10/4/2016,113.059998,114.309998,112.629997,113,29736800,111.937482
10/5/2016,113.400002,113.660004,112.690002,113.050003,21453100,111.987015
10/6/2016,113.699997,114.339996,113.129997,113.889999,28779300,112.819113
10/7/2016,114.309998,114.559998,113.510002,114.059998,24358400,112.987513
10/10/2016,115.019997,116.75,114.720001,116.050003,36236000,114.958807
10/11/2016,117.699997,118.690002,116.199997,116.300003,64041000,115.206456
10/12/2016,117.349998,117.980003,116.75,117.339996,37586800,116.23667
10/13/2016,116.790001,117.440002,115.720001,116.980003,35192400,115.880062
10/14/2016,117.879997,118.169998,117.129997,117.629997,35652200,116.523945
10/17/2016,117.330002,117.839996,116.779999,117.550003,23624900,116.444703
10/18/2016,118.18,118.209999,117.449997,117.470001,24553500,116.365453
10/19/2016,117.25,117.760002,113.800003,117.120003,20034600,116.018745
10/20/2016,116.860001,117.379997,116.330002,117.059998,24125800,115.959304
10/21/2016,116.809998,116.910004,116.279999,116.599998,23192700,115.503631
10/24/2016,117.099998,117.739998,117,117.650002,23538700,116.543761
10/25/2016,117.949997,118.360001,117.309998,118.25,48129000,117.138118
10/26/2016,114.309998,115.699997,113.309998,115.589996,66134200,114.503125
10/27/2016,115.389999,115.860001,114.099998,114.480003,34562000,113.403569
10/28/2016,113.870003,115.209999,113.449997,113.720001,37861700,112.650713
10/31/2016,113.650002,114.230003,113.199997,113.540001,26419400,112.472406
11/1/2016,113.459999,113.769997,110.529999,111.489998,43825800,110.441678
11/2/2016,111.400002,112.349998,111.230003,111.589996,28331700,110.540737
11/3/2016,110.980003,111.459999,109.550003,109.830002,26932600,109.35588
11/4/2016,108.529999,110.25,108.110001,108.839996,30837000,108.370149
11/7/2016,110.080002,110.510002,109.459999,110.410004,32560000,109.933378
11/8/2016,110.309998,111.720001,109.699997,111.059998,24054500,110.580566
11/9/2016,109.879997,111.32,108.050003,110.879997,59176400,110.401343
11/10/2016,111.089996,111.089996,105.830002,107.790001,57134500,107.324686
11/11/2016,107.120003,108.870003,106.550003,108.43,34143900,107.961922
11/14/2016,107.709999,107.809998,104.080002,105.709999,51175500,105.253663
11/15/2016,106.57,107.68,106.160004,107.110001,32264500,106.647621
11/16/2016,106.699997,110.230003,106.599998,109.989998,58840500,109.515186
11/17/2016,109.809998,110.349998,108.830002,109.949997,27632000,109.475358
11/18/2016,109.720001,110.540001,109.660004,110.059998,28428900,109.584883
11/21/2016,110.120003,111.989998,110.010002,111.730003,29264600,111.24768
11/22/2016,111.949997,112.419998,111.400002,111.800003,25965500,111.317377
11/23/2016,111.360001,111.510002,110.330002,111.230003,27426400,110.749838
11/25/2016,111.129997,111.870003,110.949997,111.790001,11475900,111.307418
11/28/2016,111.43,112.470001,111.389999,111.57,27194000,111.088367
11/29/2016,110.779999,112.029999,110.07,111.459999,28528800,110.978841
11/30/2016,111.599998,112.199997,110.269997,110.519997,36162300,110.042897
12/1/2016,110.370003,110.940002,109.029999,109.489998,37086900,109.017344
12/2/2016,109.169998,110.089996,108.849998,109.900002,26528000,109.425578
12/5/2016,110,110.029999,108.25,109.110001,34324500,108.638987
12/6/2016,109.5,110.360001,109.190002,109.949997,26195500,109.475358
12/7/2016,109.260002,111.190002,109.160004,111.029999,29998700,110.550697
12/8/2016,110.860001,112.43,110.599998,112.120003,27068300,111.635996
12/9/2016,112.309998,114.699997,112.309998,113.949997,34402600,113.45809
12/12/2016,113.290001,115,112.489998,113.300003,26374400,112.810902
12/13/2016,113.839996,115.919998,113.75,115.190002,43733800,114.692743
12/14/2016,115.040001,116.199997,114.980003,115.190002,34031800,114.692743
12/15/2016,115.379997,116.730003,115.230003,115.82,46524500,115.32002
12/16/2016,116.470001,116.5,115.650002,115.970001,44351100,115.469374
12/19/2016,115.800003,117.379997,115.75,116.639999,27779400,116.13648
12/20/2016,116.739998,117.5,116.68,116.949997,21425000,116.445139
12/21/2016,116.800003,117.400002,116.779999,117.059998,23783200,116.554665
12/22/2016,116.349998,116.510002,115.639999,116.290001,26085900,115.787993
12/23/2016,115.589996,116.519997,115.589996,116.519997,14249500,116.016995
12/27/2016,116.519997,117.800003,116.489998,117.260002,18296900,116.753806
12/28/2016,117.519997,118.019997,116.199997,116.760002,20905900,116.255965
12/29/2016,116.449997,117.110001,116.400002,116.730003,15039500,116.226096
12/30/2016,116.650002,117.199997,115.43,115.82,30586300,115.32002
1/3/2017,115.800003,116.330002,114.760002,116.150002,28781900,115.648597
1/4/2017,115.849998,116.510002,115.75,116.019997,21118100,115.519154
1/5/2017,115.919998,116.860001,115.809998,116.610001,22193600,116.106611
1/6/2017,116.779999,118.160004,116.470001,117.910004,31751900,117.401002
1/9/2017,117.949997,119.43,117.940002,118.989998,33387600,118.476334
1/10/2017,118.769997,119.379997,118.300003,119.110001,24462100,118.595819
1/11/2017,118.739998,119.93,118.599998,119.75,27588600,119.233055
1/12/2017,118.900002,119.300003,118.209999,119.25,27086200,118.735214
1/13/2017,119.110001,119.620003,118.809998,119.040001,26111900,118.526121
1/17/2017,118.339996,120.239998,118.220001,120,34439800,119.481976
1/18/2017,120,120.5,119.709999,119.989998,23713000,119.472017
1/19/2017,119.400002,120.089996,119.370003,119.779999,25597300,119.262925
1/20/2017,120.449997,120.449997,119.730003,120,32597900,119.481976
1/23/2017,120,120.809998,119.769997,120.080002,22050200,119.561633
1/24/2017,119.550003,120.099998,119.5,119.970001,23211000,119.452107
1/25/2017,120.419998,122.099998,120.279999,121.879997,32377600,121.353858
1/26/2017,121.669998,122.440002,121.599998,121.940002,26337600,121.413604
1/27/2017,122.139999,122.349998,121.599998,121.949997,20562900,121.423555
1/30/2017,120.93,121.629997,120.660004,121.629997,30377500,121.104937
1/31/2017,121.150002,121.389999,120.620003,121.349998,49201000,120.826147
2/1/2017,127.029999,130.490005,127.010002,128.75,111985000,128.194203
2/2/2017,127.980003,129.389999,127.779999,128.529999,33710400,127.975152
2/3/2017,128.309998,129.190002,128.160004,129.080002,24507300,128.522781
2/6/2017,129.130005,130.5,128.899994,130.289993,26845900,129.727549
2/7/2017,130.539993,132.089996,130.449997,131.529999,38183800,130.962201
2/8/2017,131.350006,132.220001,131.220001,132.039993,23004100,131.469994
2/9/2017,131.649994,132.449997,131.119995,132.419998,28349900,132.419998
2/10/2017,132.460007,132.940002,132.050003,132.119995,20065500,132.119995
2/13/2017,133.080002,133.820007,132.75,133.289993,23035400,133.289993
2/14/2017,133.470001,135.089996,133.25,135.020004,32815500,135.020004
2/15/2017,135.520004,136.270004,134.619995,135.509995,35501600,135.509995
2/16/2017,135.669998,135.899994,134.839996,135.350006,22118000,135.350006
2/17/2017,135.100006,135.830002,135.100006,135.720001,22084500,135.720001
2/21/2017,136.229996,136.75,135.979996,136.699997,24265100,136.699997
2/22/2017,136.429993,137.119995,136.110001,137.110001,20745300,137.110001
2/23/2017,137.380005,137.479996,136.300003,136.529999,20704100,136.529999
2/24/2017,135.910004,136.660004,135.279999,136.660004,21690900,136.660004
2/27/2017,137.139999,137.440002,136.279999,136.929993,20196400,136.929993
2/28/2017,137.080002,137.440002,136.699997,136.990005,23403500,136.990005
3/1/2017,137.889999,140.149994,137.600006,139.789993,36272400,139.789993
3/2/2017,140,140.279999,138.759995,138.960007,26153300,138.960007
3/3/2017,138.779999,139.830002,138.589996,139.779999,21108100,139.779999
3/6/2017,139.369995,139.770004,138.600006,139.339996,21750000,139.339996
3/7/2017,139.059998,139.979996,138.789993,139.520004,17446300,139.520004
3/8/2017,138.949997,139.800003,138.820007,139,18707200,139
3/9/2017,138.740005,138.789993,137.050003,138.679993,22155900,138.679993
3/10/2017,139.25,139.360001,138.639999,139.139999,19612800,139.139999
3/13/2017,138.850006,139.429993,138.820007,139.199997,17421700,139.199997
3/14/2017,139.300003,139.649994,138.839996,138.990005,15309100,138.990005
3/15/2017,139.410004,140.75,139.029999,140.460007,25691800,140.460007
3/16/2017,140.720001,141.020004,140.259995,140.690002,19232000,140.690002
3/17/2017,141,141,139.889999,139.990005,43885000,139.990005
3/20/2017,140.399994,141.5,140.229996,141.460007,21542000,141.460007
3/21/2017,142.110001,142.800003,139.729996,139.839996,39529900,139.839996
3/22/2017,139.850006,141.600006,139.759995,141.419998,25860200,141.419998
3/23/2017,141.259995,141.580002,140.610001,140.919998,20346300,140.919998
3/24/2017,141.5,141.740005,140.350006,140.639999,22395600,140.639999
3/27/2017,139.389999,141.220001,138.619995,140.880005,23493200,140.880005
3/28/2017,140.910004,144.039993,140.619995,143.800003,33320700,143.800003
